date,Deferred availability cash items,Foreign official,Other,Other deposits held by depository institutions,Term deposits held by depository institutions,"U.S. Treasury, General Account","U.S. Treasury, Supplementary Financing Account",Earnings remittances due to the U.S. Treasury,"Federal Reserve notes, net of F.R. Bank holdings","Funds from American International Group, Inc. asset dispositions, held as agent",Other liabilities and accrued dividends (Includes the liability for earnings remittances due to the U.S. Treasury),Foreign official and international accounts,Others
2002-12-18,9485,172,213,17943,0,6595,0,0,645599,0,1359,21905,0
2002-12-25,11523,139,203,24701,0,4662,0,0,651891,0,1413,20396,0
2003-01-01,10666,136,1152,22541,0,4420,0,0,654272,0,1163,21091,0
2003-01-08,9638,99,350,25196,0,5490,0,0,647070,0,1188,18709,0
2003-01-15,9370,253,213,26991,0,5192,0,0,642887,0,1212,17813,0
2003-01-22,12566,122,297,37629,0,6119,0,0,643281,0,1197,18523,0
2003-01-29,9010,100,214,18327,0,7030,0,0,642604,0,1232,18466,0
2003-02-05,9946,148,246,23756,0,5664,0,0,644880,0,1215,17986,0
2003-02-12,9040,103,228,17707,0,3527,0,0,648083,0,1266,17604,0
2003-02-19,11193,134,281,28006,0,4407,0,0,651036,0,1229,17850,0
2003-02-26,8538,154,238,23556,0,4950,0,0,649670,0,1272,17421,0
2003-03-05,9916,105,238,20980,0,5501,0,0,650398,0,1252,17959,0
2003-03-12,8988,116,233,16219,0,4775,0,0,651124,0,1278,17912,0
2003-03-19,8486,150,261,29942,0,3607,0,0,651949,0,1253,17180,1250
2003-03-26,8361,162,175,21815,0,5927,0,0,652930,0,1297,18231,0
2003-04-02,10188,103,277,24004,0,6199,0,0,654360,0,1263,19729,0
2003-04-09,9609,102,277,18058,0,6872,0,0,655104,0,1309,20291,0
2003-04-16,10028,101,235,33637,0,8821,0,0,655512,0,1296,19801,0
2003-04-23,9227,105,234,20745,0,9285,0,0,655025,0,1340,19991,0
2003-04-30,9308,313,231,31880,0,10583,0,0,655226,0,1325,20814,0
2003-05-07,9465,145,260,21417,0,6050,0,0,657217,0,1352,20667,0
2003-05-14,8641,122,264,27603,0,7199,0,0,657396,0,1395,21073,0
2003-05-21,8652,126,247,21162,0,7608,0,0,658309,0,1375,20709,0
2003-05-28,10463,129,249,28360,0,4825,0,0,661167,0,1405,21857,0
2003-06-04,9941,77,203,15747,0,6126,0,0,660078,0,1379,20423,1250
2003-06-11,8816,80,233,29349,0,6031,0,0,659386,0,1427,21211,0
2003-06-18,9163,96,229,18800,0,8086,0,0,658805,0,1402,20651,2250
2003-06-25,8611,404,220,31055,0,5306,0,0,658969,0,1470,21592,0
2003-07-02,10701,476,220,20019,0,5707,0,0,664475,0,1191,21045,0
2003-07-09,9567,327,225,26571,0,6356,0,0,663529,0,1206,20254,0
2003-07-16,9400,128,318,23429,0,5724,0,0,660851,0,1187,20346,0
2003-07-23,8844,134,423,32837,0,6058,0,0,659725,0,1253,19672,0
2003-07-30,9539,852,246,25879,0,6174,0,0,660686,0,1273,19316,0
2003-08-06,9672,141,307,18340,0,6400,0,0,662226,0,1252,19062,0
2003-08-13,9070,525,281,20690,0,5720,0,0,662014,0,1290,19138,0
2003-08-20,8834,81,301,35188,0,6533,0,0,661727,0,1262,20344,0
2003-08-27,8459,81,282,25927,0,5441,0,0,663418,0,1307,19119,0
2003-09-03,11886,686,240,28866,0,4525,0,0,667212,0,1296,18757,0
2003-09-10,8916,80,287,20755,0,5039,0,0,664058,0,1315,19719,0
2003-09-17,9160,270,272,27034,0,7247,0,0,662927,0,1308,18972,0
2003-09-24,8233,82,262,25027,0,6837,0,0,663314,0,1354,18801,0
2003-10-01,9490,496,336,32794,0,4922,0,0,664812,0,1320,22090,0
2003-10-08,8943,81,334,18268,0,4935,0,0,667174,0,1359,18951,0
2003-10-15,12634,165,289,29820,0,4857,0,0,670061,0,1353,18642,0
2003-10-22,8786,99,279,23802,0,5123,0,0,669207,0,1380,18111,0
2003-10-29,8311,85,283,26560,0,5672,0,0,669367,0,1417,19286,0
2003-11-05,9619,458,320,19567,0,4615,0,0,670849,0,1378,18251,2750
2003-11-12,6733,147,314,22650,0,4614,0,0,674369,0,1417,17386,0
2003-11-19,8778,76,308,20365,0,5175,0,0,673434,0,1398,17902,0
2003-11-26,8639,82,255,27239,0,5377,0,0,679026,0,1441,17955,0
2003-12-03,8935,116,282,19660,0,4374,0,0,679352,0,1431,18731,0
2003-12-10,8659,83,241,26336,0,5162,0,0,678524,0,1460,18964,0
2003-12-17,9504,83,236,18735,0,7455,0,0,681648,0,1437,17657,0
2003-12-24,9529,128,253,25242,0,4670,0,0,688750,0,1487,19764,0
2003-12-31,9026,162,717,23058,0,5723,0,0,689757,0,1206,25652,0
2004-01-07,9281,84,225,19856,0,4915,0,0,683391,0,1213,19587,0
2004-01-14,9214,81,328,21503,0,5398,0,0,677440,0,1293,20721,0
2004-01-21,12549,116,501,40544,0,7740,0,0,676625,0,1357,19735,0
2004-01-28,9209,82,378,25329,0,5247,0,0,676265,0,1404,20694,0
2004-02-04,9874,80,418,21282,0,5728,0,0,678300,0,1321,20426,0
2004-02-11,8753,82,390,17688,0,5247,0,0,680270,0,1373,20059,0
2004-02-18,11731,82,308,20938,0,5004,0,0,682243,0,1353,19951,0
2004-02-25,8507,80,330,19815,0,5209,0,0,680151,0,1350,18872,0
2004-03-03,10012,82,335,23087,0,4698,0,0,680230,0,1323,18886,0
2004-03-10,7666,138,324,19278,0,4415,0,0,680472,0,1361,19191,0
2004-03-17,7559,112,336,27635,0,6415,0,0,681010,0,1335,18770,0
2004-03-24,6766,80,247,20716,0,4404,0,0,680447,0,1383,19987,0
2004-03-31,7316,83,231,24955,0,5884,0,0,681574,0,1337,21701,0
2004-04-07,7485,96,338,19886,0,4561,0,0,683778,0,1356,19072,0
2004-04-14,7577,85,350,28722,0,4902,0,0,684264,0,1398,19470,0
2004-04-21,7894,165,297,23388,0,5886,0,0,682526,0,1377,19260,0
2004-04-28,7306,100,293,36341,0,6540,0,0,683994,0,1430,19689,0
2004-05-05,8251,87,275,18852,0,5960,0,0,685624,0,1398,20653,0
2004-05-12,7555,83,259,28521,0,4949,0,0,686061,0,1442,18711,0
2004-05-19,7332,80,266,20861,0,4451,0,0,686626,0,1424,18273,0
2004-05-26,6777,85,263,31282,0,4844,0,0,689044,0,1463,19331,0
2004-06-02,8963,82,298,19870,0,1592,0,0,693351,0,1452,20292,0
2004-06-09,7417,85,247,28051,0,5215,0,0,691932,0,1491,19942,0
2004-06-16,7279,132,238,19208,0,7067,0,0,690614,0,1477,17971,0
2004-06-23,6890,82,227,30657,0,7202,0,0,693007,0,1529,17465,0
2004-06-30,6628,280,226,29628,0,6032,0,0,698186,0,1220,19228,0
2004-07-07,8512,84,264,23476,0,2915,0,0,703159,0,1261,19828,0
2004-07-14,6834,81,349,22431,0,5369,0,0,701127,0,1304,19835,0
2004-07-21,6689,99,287,26508,0,4879,0,0,699168,0,1277,19906,0
2004-07-28,6409,81,286,24655,0,4447,0,0,699312,0,1356,19363,0
2004-08-04,7220,83,317,18422,0,5081,0,0,700882,0,1312,20576,0
2004-08-11,6603,82,265,16084,0,4617,0,0,701208,0,1360,20606,0
2004-08-18,6361,104,294,14001,0,4665,0,0,700913,0,1340,21374,0
2004-08-25,6305,229,283,23028,0,3668,0,0,700422,0,1396,20922,0
2004-09-01,7462,81,317,23918,0,6374,0,0,703077,0,1370,23203,0
2004-09-08,7676,80,266,24346,0,3701,0,0,707397,0,1424,23882,0
2004-09-15,7214,79,253,24535,0,7626,0,0,704417,0,1393,24323,0
2004-09-22,6745,78,252,21913,0,4845,0,0,702759,0,1418,24556,0
2004-09-29,7018,81,245,24943,0,5436,0,0,703451,0,1484,24337,0
2004-10-06,8126,80,334,16462,0,5576,0,0,705595,0,1476,24736,0
2004-10-13,9437,86,292,25447,0,5466,0,0,708146,0,1577,24985,0
2004-10-20,7588,76,299,18343,0,4785,0,0,706719,0,1472,25843,0
2004-10-27,7035,113,303,24947,0,4582,0,0,707151,0,1524,25761,0
2004-11-03,8079,82,372,19684,0,4971,0,0,709612,0,1597,26512,0
2004-11-10,7414,82,304,24842,0,4565,0,0,714224,0,1528,27467,0
2004-11-17,8155,85,304,16825,0,4851,0,0,713536,0,1507,27729,0
2004-11-24,7970,84,296,27320,0,4575,0,0,718896,0,1561,28084,0
2004-12-01,8010,84,318,24780,0,5264,0,0,718227,0,1546,27539,0
2004-12-08,7823,77,265,27228,0,4831,0,0,717167,0,1600,28171,0
2004-12-15,7627,115,262,25104,0,5019,0,0,717511,0,1579,27846,0
2004-12-22,7777,88,264,25406,0,4047,0,0,721917,0,1614,28056,0
2004-12-29,6651,87,221,21433,0,5734,0,0,722904,0,1659,29938,0
2005-01-05,8749,93,230,31818,0,4791,0,0,718481,0,1180,28647,0
2005-01-12,7536,88,284,20709,0,4951,0,0,713851,0,1226,27231,0
2005-01-19,10622,79,387,26540,0,5142,0,0,713464,0,1200,27594,0
2005-01-26,6910,76,317,27858,0,5117,0,0,711992,0,1235,31074,0
2005-02-02,8914,156,309,24179,0,5097,0,0,714249,0,1213,27872,0
2005-02-09,8374,85,287,14979,0,4747,0,0,716961,0,1287,28355,0
2005-02-16,8040,85,297,17067,0,5010,0,0,717365,0,1246,23346,0
2005-02-23,9932,81,275,23502,0,4487,0,0,718371,0,1315,23474,0
2005-03-02,9459,83,301,19888,0,4906,0,0,717152,0,1298,25375,0
2005-03-09,8303,82,286,18173,0,4599,0,0,717406,0,1353,25430,0
2005-03-16,7997,82,254,26291,0,4746,0,0,717783,0,1312,24939,0
2005-03-23,7632,83,239,17693,0,4677,0,0,717572,0,1385,24491,0
2005-03-30,7464,102,235,26249,0,5198,0,0,719688,0,1412,23691,0
2005-04-06,8173,82,314,15791,0,4530,0,0,720324,0,1388,22986,0
2005-04-13,8506,80,308,24181,0,4926,0,0,719483,0,1428,22758,0
2005-04-20,8331,84,315,19824,0,4102,0,0,718534,0,1414,25100,0
2005-04-27,8500,88,294,24915,0,6356,0,0,718816,0,1473,25068,0
2005-05-04,8692,79,357,17110,0,4618,0,0,719737,0,1443,26060,0
2005-05-11,7250,79,315,24025,0,4998,0,0,720324,0,1482,25308,0
2005-05-18,7125,112,273,17391,0,5080,0,0,719274,0,1468,26179,0
2005-05-25,7095,79,278,23881,0,5518,0,0,721744,0,1524,25186,0
2005-06-01,9369,80,314,26531,0,4039,0,0,726465,0,1475,24732,0
2005-06-08,7843,112,501,25122,0,4626,0,0,725701,0,1556,23956,0
2005-06-15,7332,91,255,19971,0,9849,0,0,724579,0,1542,23147,0
2005-06-22,6923,84,267,23662,0,5099,0,0,724328,0,1580,23362,0
2005-06-29,7048,83,252,20127,0,4173,0,0,727640,0,1637,24237,0
2005-07-06,9820,82,295,24424,0,4544,0,0,732517,0,1230,24464,0
2005-07-13,6843,100,304,14577,0,4790,0,0,729691,0,1260,25597,0
2005-07-20,7272,283,309,22653,0,4660,0,0,726814,0,1232,28196,0
2005-07-27,7082,81,291,20854,0,4417,0,0,727258,0,1281,27277,0
2005-08-03,7678,84,346,26130,0,4813,0,0,729601,0,1263,22575,0
2005-08-10,7149,156,302,14291,0,5679,0,0,730022,0,1318,23640,0
2005-08-17,7809,78,319,20377,0,5669,0,0,729141,0,1296,23503,0
2005-08-24,6828,80,296,20069,0,4603,0,0,727930,0,1355,24114,0
2005-08-31,7676,81,265,25702,0,5650,0,0,730211,0,1315,26487,0
2005-09-07,10497,82,315,20005,0,4445,0,0,735201,0,1379,25154,0
2005-09-14,8128,83,265,23058,0,5319,0,0,733504,0,1424,25960,0
2005-09-21,7963,83,240,15667,0,5718,0,0,731894,0,1405,23991,0
2005-09-28,7431,83,243,27802,0,4479,0,0,732570,0,1441,23811,0
2005-10-05,9078,149,307,15531,0,4786,0,0,733832,0,1427,25938,0
2005-10-12,13743,78,297,18416,0,5265,0,0,736051,0,1510,26281,0
2005-10-19,8166,87,308,14960,0,4469,0,0,733671,0,1473,25082,0
2005-10-26,7091,165,303,21504,0,4727,0,0,733631,0,1510,23654,0
2005-11-02,8823,106,317,13813,0,4499,0,0,734523,0,1500,24939,0
2005-11-09,7296,83,259,19443,0,5388,0,0,739610,0,1536,25021,0
2005-11-16,9197,81,261,14961,0,4416,0,0,741291,0,1526,25318,0
2005-11-23,7732,80,270,22384,0,4162,0,0,745582,0,1557,24487,0
2005-11-30,7086,82,255,20204,0,4634,0,0,744567,0,1538,30055,0
2005-12-07,8180,81,281,20188,0,5076,0,0,743496,0,1633,27792,0
2005-12-14,7237,84,244,16228,0,4990,0,0,746571,0,1670,26575,0
2005-12-21,8195,86,280,26405,0,5290,0,0,752969,0,1641,26762,0
2005-12-28,7905,85,276,17062,0,4243,0,0,759246,0,1706,30372,0
2006-01-04,11719,81,265,25835,0,3922,0,0,756534,0,1200,27567,0
2006-01-11,8632,81,327,14441,0,4465,0,0,749419,0,1249,25020,0
2006-01-18,11964,78,298,18831,0,5429,0,0,749172,0,1217,24729,0
2006-01-25,7596,81,374,20123,0,5266,0,0,746453,0,1279,21691,0
2006-02-01,8935,83,321,19406,0,5095,0,0,748178,0,1247,23180,0
2006-02-08,8033,82,258,14613,0,3973,0,0,751007,0,1311,22678,0
2006-02-15,7182,101,262,20030,0,5125,0,0,752258,0,1294,22695,0
2006-02-22,9739,88,257,21369,0,4334,0,0,753325,0,1345,24510,0
2006-03-01,8003,85,290,20097,0,5427,0,0,753028,0,1318,24672,0
2006-03-08,8175,86,230,20556,0,4851,0,0,753788,0,1382,23810,0
2006-03-15,7249,150,261,26046,0,2844,0,0,753886,0,1357,24293,0
2006-03-22,7285,71,223,20771,0,4414,0,0,752905,0,1412,24151,0
2006-03-29,6913,84,219,17959,0,4619,0,0,753127,0,1460,22419,0
2006-04-05,8249,84,352,14923,0,4663,0,0,754567,0,1435,23523,0
2006-04-12,7561,90,285,16646,0,4334,0,0,755634,0,1489,24016,0
2006-04-19,7314,85,281,14583,0,5245,0,0,755276,0,1475,24729,0
2006-04-26,7648,85,280,24284,0,5610,0,0,755158,0,1511,22910,0
2006-05-03,8434,116,310,19408,0,5215,0,0,757215,0,1499,24478,0
2006-05-10,7067,85,296,13984,0,4931,0,0,758466,0,1545,24535,0
2006-05-17,7520,85,304,16313,0,5055,0,0,757969,0,1526,22569,0
2006-05-24,7143,85,252,17354,0,5188,0,0,759280,0,1603,22803,0
2006-05-31,9358,86,242,23395,0,2637,0,0,762030,0,1585,24603,0
2006-06-07,7345,87,270,22150,0,5552,0,0,759914,0,1646,23769,0
2006-06-14,6630,84,242,20378,0,4468,0,0,758103,0,1687,26002,0
2006-06-21,6599,87,238,19651,0,5385,0,0,756935,0,1658,25677,0
2006-06-28,6340,90,231,14239,0,4879,0,0,758321,0,1717,30400,0
2006-07-05,5926,90,260,17521,0,5528,0,0,763532,0,1237,29086,0
2006-07-12,6439,89,277,13269,0,5024,0,0,760652,0,1294,28538,0
2006-07-19,6357,88,294,21141,0,5272,0,0,757441,0,1266,29587,0
2006-07-26,6082,140,283,14874,0,4824,0,0,756639,0,1317,28468,0
2006-08-02,7096,91,386,20965,0,5471,0,0,757416,0,1302,28798,0
2006-08-09,5810,88,268,14051,0,2907,0,0,758723,0,1371,27860,0
2006-08-16,5905,88,277,16113,0,4443,0,0,758327,0,1344,27509,0
2006-08-23,5550,90,318,13373,0,4943,0,0,756769,0,1402,26553,0
2006-08-30,5836,89,255,23568,0,4919,0,0,760006,0,1448,26084,0
2006-09-06,9345,104,277,16811,0,4373,0,0,762197,0,1421,26878,0
2006-09-13,5836,93,266,14112,0,4690,0,0,758542,0,1472,26923,0
2006-09-20,5865,85,276,12077,0,5216,0,0,755670,0,1446,28499,0
2006-09-27,5669,91,236,22151,0,4585,0,0,755142,0,1511,31466,0
2006-10-04,6412,92,334,12875,0,6222,0,0,757093,0,1397,29212,0
2006-10-11,8851,90,288,26408,0,4103,0,0,759361,0,1532,30614,0
2006-10-18,5909,91,287,10079,0,5540,0,0,758745,0,1515,32895,0
2006-10-25,5268,90,293,21006,0,5346,0,0,758469,0,1558,31151,0
2006-11-01,6476,91,323,21771,0,5007,0,0,760089,0,1549,31186,0
2006-11-08,5855,155,275,22252,0,4624,0,0,763183,0,1601,31487,0
2006-11-15,5367,92,294,17664,0,4820,0,0,764955,0,1927,32764,0
2006-11-22,5694,92,280,24727,0,4128,0,0,770633,0,1965,29335,0
2006-11-29,4700,92,316,14028,0,4807,0,0,771067,0,2003,30723,0
2006-12-06,6670,94,267,21575,0,4523,0,0,769657,0,2006,29039,0
2006-12-13,6562,91,260,12358,0,4500,0,0,771295,0,2058,28302,0
2006-12-20,6420,89,258,16489,0,5436,0,0,775909,0,2014,29903,0
2006-12-27,5900,92,258,12772,0,4470,0,0,782733,0,2081,32126,0
2007-01-03,6100,90,239,20044,0,6156,0,0,781347,0,1564,29742,0
2007-01-10,6316,91,230,10107,0,4999,0,0,772946,0,1647,28921,0
2007-01-17,7826,90,307,13713,0,5533,0,0,769658,0,1647,31055,0
2007-01-24,5012,90,303,13208,0,5412,0,0,765838,0,1722,29419,0
2007-01-31,5040,90,285,24228,0,6053,0,0,765586,0,1739,32379,0
2007-02-07,5269,90,306,10492,0,5255,0,0,767917,0,1808,33630,0
2007-02-14,4969,90,259,17189,0,5102,0,0,769955,0,1833,37336,0
2007-02-21,7495,91,257,14722,0,5304,0,0,771238,0,1823,38144,0
2007-02-28,4848,91,274,22906,0,5194,0,0,770958,0,1840,39645,0
2007-03-07,5802,96,250,12010,0,4449,0,0,770855,0,1930,37788,0
2007-03-14,4716,90,240,21746,0,5113,0,0,770745,0,1926,39727,0
2007-03-21,4501,90,220,11290,0,4721,0,0,770052,0,1926,38497,0
2007-03-28,4661,91,231,18429,0,4772,0,0,770238,0,1974,37643,0
2007-04-04,5389,131,319,10733,0,4973,0,0,771780,0,2017,35475,0
2007-04-11,4986,93,274,14628,0,4758,0,0,773017,0,2026,34134,0
2007-04-18,5478,95,271,10600,0,5235,0,0,771894,0,2025,33971,0
2007-04-25,5303,92,274,22366,0,12250,0,0,771431,0,2062,34025,0
2007-05-02,6634,93,278,11873,0,25350,0,0,772163,0,2135,35671,5750
2007-05-09,5122,93,261,22503,0,4726,0,0,773279,0,2179,35410,0
2007-05-16,4495,93,279,11218,0,4125,0,0,772923,0,2127,32446,0
2007-05-23,5302,93,266,23223,0,4312,0,0,774106,0,2179,32618,0
2007-05-30,6311,94,253,19049,0,4637,0,0,777855,0,2242,34860,0
2007-06-06,5776,92,286,18679,0,5396,0,0,776210,0,2271,32069,0
2007-06-13,5102,95,226,14090,0,4742,0,0,774970,0,2287,31579,0
2007-06-20,5159,96,222,16138,0,6022,0,0,773636,0,2273,30443,0
2007-06-27,4682,97,218,16221,0,4039,0,0,775052,0,2362,30134,0
2007-07-04,7820,96,269,16755,0,4117,0,0,781376,0,1877,32209,0
2007-07-11,10767,95,277,10723,0,4914,0,0,779891,0,1906,31296,0
2007-07-18,4851,293,294,19916,0,4100,0,0,776944,0,1887,32507,0
2007-07-25,4176,98,300,12558,0,4931,0,0,776483,0,1961,31109,0
2007-08-01,4689,95,295,17084,0,4769,0,0,776953,0,1973,31546,0
2007-08-08,4591,94,274,13456,0,4670,0,0,777350,0,2049,30132,0
2007-08-15,4228,96,286,12565,0,5109,0,0,775789,0,1993,31941,0
2007-08-22,3922,95,263,13082,0,5329,0,0,774540,0,2052,29956,0
2007-08-29,3938,95,250,21592,0,4924,0,0,775186,0,2108,31210,0
2007-09-05,6509,97,241,11286,0,4489,0,0,778661,0,2171,35098,0
2007-09-12,4315,97,254,31681,0,5188,0,0,775407,0,2195,33490,0
2007-09-19,4297,98,213,13452,0,4455,0,0,773367,0,2179,36225,0
2007-09-26,3951,96,233,34239,0,4943,0,0,774843,0,2215,35312,0
2007-10-03,4159,98,306,10744,0,5645,0,0,777405,0,2289,34542,0
2007-10-10,6410,97,529,25538,0,4166,0,0,779748,0,2350,34424,0
2007-10-17,3877,97,315,10276,0,5105,0,0,777686,0,2310,35087,0
2007-10-24,3572,99,300,21107,0,4737,0,0,776701,0,2356,37428,0
2007-10-31,3614,601,287,20720,0,4307,0,0,778155,0,2179,38055,0
2007-11-07,4220,98,268,19797,0,4902,0,0,782204,0,2458,36358,0
2007-11-14,6422,97,284,20467,0,5540,0,0,784415,0,2456,34703,0
2007-11-21,3656,96,306,20967,0,5324,0,0,786377,0,2453,35383,0
2007-11-28,3354,97,291,14477,0,4711,0,0,783675,0,2472,34272,0
2007-12-05,4060,96,350,15981,0,5079,0,0,781939,0,2595,36650,0
2007-12-12,4071,97,292,13889,0,4333,0,0,782513,0,2600,37764,0
2007-12-19,4764,96,260,17661,0,4586,0,0,785785,0,2568,36430,0
2007-12-26,2712,97,293,11439,0,4529,0,0,791801,0,2633,40542,0
2008-01-02,4074,98,296,39769,0,7277,0,0,791684,0,1735,40909,0
2008-01-09,3953,98,209,12892,0,5363,0,0,781803,0,1810,37773,0
2008-01-16,3951,97,309,28248,0,5674,0,0,775503,0,1820,41079,0
2008-01-23,5381,97,304,15984,0,4871,0,0,774712,0,1812,37495,0
2008-01-30,3393,99,320,38497,0,5082,0,0,774282,0,1755,39485,0
2008-02-06,3999,98,300,9456,0,4841,0,0,777108,0,1858,36553,0
2008-02-13,3347,96,305,18024,0,4979,0,0,778937,0,1883,38590,0
2008-02-20,5278,101,299,10323,0,4525,0,0,780503,0,1886,38610,0
2008-02-27,3243,99,270,22123,0,5103,0,0,779452,0,1943,42648,0
2008-03-05,3875,98,275,9729,0,4794,0,0,780769,0,1921,40812,0
2008-03-12,3388,96,260,25006,0,5249,0,0,781254,0,1974,40197,0
2008-03-19,3683,99,288,10175,0,5364,0,0,781201,0,1976,38893,7250
2008-03-26,3129,239,261,21567,0,4944,0,0,780632,0,2030,40822,0
2008-04-02,3849,98,312,11417,0,6013,0,0,779560,0,2041,37311,3750
2008-04-09,3598,100,317,25756,0,3437,0,0,778902,0,2109,38779,0
2008-04-16,4396,97,315,12743,0,4614,0,0,777511,0,2056,40659,0
2008-04-23,5080,118,302,17100,0,5570,0,0,776641,0,2129,39912,0
2008-04-30,3665,106,285,20299,0,4955,0,0,777090,0,2085,40704,0
2008-05-07,3593,96,271,19366,0,5730,0,0,779432,0,2137,39031,0
2008-05-14,3058,97,268,10574,0,4020,0,0,780789,0,2157,39114,0
2008-05-21,2873,98,292,27747,0,4420,0,0,783345,0,2163,37026,0
2008-05-28,4531,98,260,26888,0,4415,0,0,787696,0,2214,38365,0
2008-06-04,3352,98,264,15750,0,5278,0,0,787103,0,2229,42120,0
2008-06-11,3321,100,269,14369,0,4369,0,0,786398,0,2252,39755,0
2008-06-18,3424,101,267,24149,0,4172,0,0,786534,0,2244,41809,0
2008-06-25,3112,100,246,12833,0,4208,0,0,787963,0,2298,42049,0
2008-07-02,4051,109,251,16232,0,4139,0,0,795095,0,1772,41091,0
2008-07-09,3850,100,227,11010,0,4355,0,0,795659,0,1883,41276,0
2008-07-16,3749,102,336,23929,0,4036,0,0,793421,0,1898,43007,0
2008-07-23,3578,101,322,10968,0,6720,0,0,794244,0,1994,42149,0
2008-07-30,3225,101,333,28712,0,4271,0,0,795563,0,2064,44463,0
2008-08-06,5333,101,303,10862,0,4798,0,0,795848,0,2114,43198,0
2008-08-13,3124,101,319,25345,0,4715,0,0,795101,0,2170,44172,0
2008-08-20,3142,102,310,10463,0,5177,0,0,793703,0,2183,43606,0
2008-08-27,3175,100,385,19377,0,4989,0,0,795694,0,2267,43768,0
2008-09-03,4472,100,317,10936,0,5606,0,0,799719,0,2287,41756,0
2008-09-10,3372,522,292,32068,0,5412,0,0,797602,0,2346,44296,0
2008-09-17,3110,102,11330,89102,0,5512,0,0,796094,0,2372,46633,0
2008-09-24,2854,150,14644,95301,0,5175,159806,0,799422,0,2514,65673,25000
2008-10-01,3279,137,31245,179291,0,5278,344473,0,803979,0,2484,73063,20000
2008-10-08,3198,101,7021,183314,0,5544,459246,0,811692,0,2597,77349,0
2008-10-15,4867,190,529,271881,0,23983,499129,0,818498,0,2878,82819,25000
2008-10-22,2792,154,533,226903,0,55625,558987,0,819896,0,2301,70987,25000
2008-10-29,2675,187,1192,425972,0,19484,558864,0,823713,0,2286,69655,25000
2008-11-05,3421,229,22808,503590,0,18652,558851,0,826880,0,2393,71663,25000
2008-11-12,3392,434,28267,594353,0,52985,558892,0,828448,0,2335,77318,25000
2008-11-19,3201,183,1143,630492,0,68457,508956,0,828617,0,2645,77909,25000
2008-11-26,3108,187,9470,611195,0,17355,479054,0,835083,0,8517,74761,25000
2008-12-03,2936,186,8235,655179,0,57345,434107,0,835829,0,8810,66994,25000
2008-12-10,2770,188,43850,777842,0,41646,404123,0,837563,0,7117,67092,25000
2008-12-17,2796,190,325,801742,0,120443,364177,0,840741,0,7724,71928,0
2008-12-24,3052,1190,14085,819404,0,118058,289247,0,849716,0,7239,88317,0
2008-12-31,2868,1365,21221,860000,0,106123,259325,0,853168,0,5281,88352,0
2009-01-07,3719,194,254,846140,0,62686,224416,0,847956,0,5341,88913,0
2009-01-14,3266,211,17399,827509,0,31173,199686,0,844072,0,5569,78836,0
2009-01-21,4918,187,5857,808299,0,46705,199747,0,848198,0,7058,75025,0
2009-01-28,3165,108,1403,740403,0,38717,174840,0,848795,0,7083,72214,0
2009-02-04,3746,104,8717,646996,0,47708,169962,0,852298,0,7069,74251,0
2009-02-11,3512,2728,39319,600057,0,20266,199950,0,856001,0,7238,73284,0
2009-02-18,5330,2777,335,709130,0,20501,199950,0,858488,0,7207,70804,0
2009-02-25,3456,2233,8593,701143,0,25109,199950,0,858738,0,7333,67713,0
2009-03-04,4171,1640,26315,619713,0,68282,199950,0,860470,0,7332,71262,0
2009-03-11,4175,1793,46926,632490,0,34431,199945,0,862265,0,7652,66385,0
2009-03-18,3264,2490,295,780306,0,100379,199937,0,862732,0,7727,65027,0
2009-03-25,3152,1587,5128,822412,0,56198,199935,0,863094,0,7731,66427,0
2009-04-01,3742,846,13919,837463,0,37754,199934,0,864517,0,7790,67906,0
2009-04-08,4042,1617,31287,841589,0,23684,199928,0,866075,0,7976,66972,0
2009-04-15,3966,2775,521,894904,0,94509,199929,0,865226,0,8839,70627,0
2009-04-22,4107,1594,343,915773,0,93533,199929,0,862960,0,8235,64681,0
2009-04-29,3468,1967,506,812930,0,62810,199929,0,863086,0,8271,67284,0
2009-05-06,4852,1210,1359,825623,0,70683,199929,0,865869,0,4432,65144,0
2009-05-13,3883,2547,17322,931737,0,57167,199933,0,865511,0,4797,70894,0
2009-05-20,3157,2601,282,955220,0,37929,199930,0,866465,0,4840,67758,0
2009-05-27,4647,2132,315,877011,0,11048,199932,0,870017,0,4739,65879,0
2009-06-03,3992,1901,3436,844677,0,37634,199933,0,868774,0,4771,67420,0
2009-06-10,3205,2509,28061,815657,0,17166,199936,0,868431,0,4519,67043,0
2009-06-17,3273,2858,294,743952,0,132837,199939,0,867521,0,4768,70166,0
2009-06-24,2814,2212,5096,745173,0,78847,199939,0,867273,0,4639,71941,0
2009-07-01,3805,1473,454,726260,0,78142,199939,0,871291,0,3997,72256,0
2009-07-08,3017,3033,6957,749154,0,36910,199939,0,872756,0,3923,67844,0
2009-07-15,3280,1965,3229,808824,0,65234,199939,0,870327,0,4233,66342,0
2009-07-22,2877,1884,1509,781389,0,61601,199936,0,869228,0,3996,66833,0
2009-07-29,3021,2178,511,747124,0,57825,199936,0,870575,0,4219,66010,0
2009-08-05,3392,3231,3215,724650,0,61522,199935,0,872150,0,4329,66834,0
2009-08-12,2832,3039,1657,777026,0,35758,199933,0,872799,0,4652,67670,0
2009-08-19,3181,3235,349,818806,0,40294,199930,0,871488,0,5095,68369,0
2009-08-26,2688,3408,321,861955,0,12828,199932,0,870409,0,5005,68129,0
2009-09-02,3172,2380,300,822333,0,58716,199932,0,872813,0,4847,68703,0
2009-09-09,4053,2704,613,877995,0,4500,199932,0,876679,0,5138,65874,0
2009-09-16,3042,2369,330,862827,0,72399,199932,0,873940,0,5201,68934,0
2009-09-23,2804,2371,321,903044,0,50907,199932,0,872318,0,5385,70803,0
2009-09-30,3056,1913,15902,848085,0,108324,164945,0,873497,0,5562,68913,0
2009-10-07,3282,1885,10384,966537,0,31005,129956,0,876120,0,5431,62900,0
2009-10-14,4263,1664,18662,1051949,0,15570,99967,0,877792,0,9865,61803,0
2009-10-21,2916,1767,1011,1059569,0,73730,64980,0,875323,0,7365,63608,0
2009-10-28,2683,3415,11158,1083447,0,30563,29992,0,874838,0,8775,64446,0
2009-11-04,3275,1436,732,1065118,0,81576,14999,0,877490,0,8633,60735,0
2009-11-11,3519,1696,4063,1044235,0,62930,14999,0,880880,0,9687,60403,0
2009-11-18,2624,2957,16285,1109269,0,62309,14999,0,879357,0,9465,59906,0
2009-11-25,2513,2126,2042,1168570,0,12997,14999,0,883034,0,9012,58483,0
2009-12-02,2867,2080,644,1122010,0,60164,14999,0,882417,0,8959,57558,0
2009-12-09,2842,2316,1766,1106669,0,55364,14999,0,883195,0,10944,56336,180
2009-12-16,2915,1440,323,1073295,0,132157,15000,0,883387,0,17721,57367,180
2009-12-23,2713,2295,1115,1082520,0,119439,15000,0,888785,0,11339,60725,0
2009-12-30,2475,2269,26774,1025271,0,149819,5001,0,889678,0,10451,70450,0
2010-01-06,4099,3149,19461,1024498,0,166555,5001,0,884449,0,8738,67572,0
2010-01-13,3269,2884,8927,1135245,0,124175,5001,0,879220,0,16679,64366,0
2010-01-20,4001,3215,415,1063042,0,170437,5001,0,879322,0,11862,62930,0
2010-01-27,2596,3466,367,1110737,0,126772,5001,0,878375,0,9586,57794,0
2010-02-03,2975,4228,373,1116260,0,122517,5001,0,883465,0,9015,53720,0
2010-02-10,2547,2789,3794,1163597,0,68082,5000,0,889092,0,15987,53137,0
2010-02-17,3569,3070,391,1205165,0,49702,5000,0,892985,0,10640,54888,0
2010-02-24,2289,4633,733,1248923,0,12922,5000,0,892062,0,9871,56563,0
2010-03-03,2802,2795,310,1186082,0,53279,24997,0,892784,0,8697,55205,0
2010-03-10,2391,2616,295,1190756,0,23292,49993,0,893623,0,10862,55903,0
2010-03-17,2407,2746,311,1118090,0,97429,74988,0,893265,0,9555,55696,0
2010-03-24,2194,2420,629,1147747,0,50104,99983,0,893035,0,9328,54719,0
2010-03-31,2172,1668,19463,1053876,0,91519,124979,0,894146,0,9372,57766,0
2010-04-07,2528,5075,360,1114288,0,20439,149973,0,896295,0,9552,56091,0
2010-04-14,2496,2646,69044,1063980,0,9478,174967,0,895450,0,11781,55226,0
2010-04-21,2366,2233,389,1059294,0,61746,199961,0,894760,0,10926,52078,0
2010-04-28,2196,5393,346,1048805,0,56908,199959,0,895339,0,11976,54102,0
2010-05-05,2770,3051,421,1032739,0,69940,199958,0,897515,0,12006,53483,0
2010-05-12,2413,1413,333,1092845,0,16293,199958,0,898681,0,12766,56647,0
2010-05-19,2403,1478,322,1095739,0,30213,199959,0,897568,0,12466,55764,0
2010-05-26,2132,1349,362,1088403,0,16728,199957,0,899782,0,12162,58158,0
2010-06-02,3315,1824,351,1038827,0,62317,199958,0,903727,0,11913,59116,0
2010-06-09,2457,2022,354,1078093,0,19140,199960,0,901394,0,11841,60763,0
2010-06-16,2373,1924,5503,1020678,0,85771,199962,0,899858,0,12884,59442,0
2010-06-23,1923,2324,2308,1062348,1152,46350,199963,0,899735,0,12213,60306,0
2010-06-30,2263,1214,27516,972337,1152,87615,199965,0,904130,0,11284,67223,0
2010-07-07,3522,1646,10593,1059117,2122,16475,199963,0,907698,0,11139,62904,0
2010-07-14,2407,1254,18802,1071263,2122,7866,199962,0,904540,0,13605,62265,0
2010-07-21,2182,1448,509,1048285,4241,43865,199962,0,902259,0,11313,61467,0
2010-07-28,2212,3223,416,1050890,4241,30415,199961,0,903334,0,11914,60641,0
2010-08-04,2336,2030,382,1040217,2119,44013,199960,0,905775,0,11973,60907,0
2010-08-11,2308,2013,367,1058230,2119,26932,199957,0,906918,0,13749,57963,585
2010-08-18,2180,2095,413,1041795,2119,30217,199955,0,906756,0,11527,60185,0
2010-08-25,2070,1910,433,1053342,2119,5889,199954,0,906277,0,11680,61115,0
2010-09-01,2460,2069,495,1012980,2119,45737,199956,0,909873,0,11520,58276,0
2010-09-08,3238,2121,378,1052403,2119,4859,199957,0,913687,0,11736,58802,0
2010-09-15,2361,2792,407,934600,2119,114568,199960,0,911257,0,11661,59924,0
2010-09-22,2162,2939,403,982493,2119,77496,199960,0,910623,0,11828,60102,0
2010-09-29,2278,2411,360,984139,2119,57829,199961,0,913760,0,11756,67370,0
2010-10-06,2682,1345,444,1000014,2119,49530,199962,0,918609,0,11890,64440,0
2010-10-13,3447,1215,4531,1028771,5113,15637,199962,0,922580,0,11887,59973,0
2010-10-20,2188,1656,682,995033,5113,52223,199962,0,921378,0,12027,56490,2070
2010-10-27,2151,1701,665,1010605,5113,27229,199961,0,922325,0,12860,55552,0
2010-11-03,2573,2676,440,982722,5113,36018,199960,0,927731,18850,31835,54591,0
2010-11-10,2296,1784,8685,1006818,0,8267,199958,0,933751,26684,39666,55088,0
2010-11-17,2403,1741,387,988866,0,38705,199959,0,932377,26774,39902,54199,0
2010-11-24,2172,3010,427,1027832,0,24037,199960,0,937336,26774,39851,54709,0
2010-12-01,2129,2954,445,1010843,0,45472,199959,0,936391,26774,39934,52862,0
2010-12-08,2417,3160,6364,1061256,5113,19589,199959,0,937528,26774,40017,50019,0
2010-12-15,2400,3161,403,997052,5113,91641,199961,0,938436,26774,40132,50816,0
2010-12-22,2349,4581,421,1035524,5113,89913,199961,0,942422,26896,40228,51134,0
2010-12-29,1954,3670,378,1020726,5113,88905,199963,0,943749,26896,40368,59246,0
2011-01-05,2582,3430,385,1033169,0,105713,199964,613,940305,26896,40011,57555,0
2011-01-12,2196,3748,4794,1097841,0,75569,199963,1204,936962,26896,40835,53271,0
2011-01-19,2969,4910,457,1063957,0,94123,199961,2895,937404,0,15598,52932,0
2011-01-26,1926,5149,854,1086327,0,94186,199962,1292,935342,0,14208,52620,0
2011-02-02,2018,130,492,1081316,0,117875,199963,2047,941621,0,15161,57902,0
2011-02-09,2314,118,477,1189250,0,62516,174967,1263,947260,0,14622,56022,0
2011-02-16,2077,118,454,1220060,5070,54561,149972,830,951429,0,14378,57826,0
2011-02-23,2667,129,485,1292835,5070,23123,124976,1803,956012,0,15544,59484,0
2011-03-02,2323,379,517,1298708,5070,49542,99980,1845,957713,0,15485,62461,0
2011-03-09,2256,124,443,1381343,5070,28671,74985,1412,959955,0,15305,55947,0
2011-03-16,1816,123,458,1336621,0,101471,49991,2176,961867,0,15944,62287,0
2011-03-23,1660,123,401,1410468,0,71748,24996,1572,962521,0,15567,61386,0
2011-03-30,1787,131,892,1458165,0,59201,5000,1133,963991,0,15057,62801,3010
2011-04-06,1985,163,4797,1505138,0,40962,5000,1401,968048,0,15474,54622,0
2011-04-13,1763,123,2112,1534194,5081,24772,5000,2032,969784,0,16076,54022,0
2011-04-20,1639,125,491,1465320,5081,113160,5000,1668,970580,0,15865,56064,0
2011-04-27,1756,192,433,1452188,5081,126185,5000,3644,972352,0,18344,57031,0
2011-05-04,1818,128,3791,1475479,5081,125397,5000,2035,975724,0,16900,56973,0
2011-05-11,1634,124,3209,1546654,0,87894,5000,1165,976785,0,16017,54715,0
2011-05-18,1443,125,396,1538699,0,109620,5000,1442,976334,0,16438,57426,0
2011-05-25,1520,126,380,1592091,0,73694,5000,1378,979160,0,16328,54181,0
2011-06-01,2481,133,405,1593129,0,73973,5000,1999,984201,0,17009,59937,0
2011-06-08,1761,126,343,1662964,5087,23496,5000,2015,983093,0,17038,59767,0
2011-06-15,1899,131,404,1569229,5087,126428,5000,835,982363,0,16029,65929,2250
2011-06-22,1539,389,707,1596966,5087,129694,5000,2014,981747,0,17110,65353,0
2011-06-29,1636,126,3511,1622395,5087,105582,5000,1411,985788,0,16703,66607,0
2011-07-06,2267,127,5918,1663022,0,67270,5000,2268,990861,0,16637,67527,0
2011-07-13,1661,161,23157,1687515,0,39416,5000,1702,988285,0,16292,65052,0
2011-07-20,1452,178,21020,1627197,0,96422,5000,1689,987624,0,16175,64695,0
2011-07-27,1643,125,11158,1658319,0,66757,5000,-672,989019,0,13108,67004,0
2011-08-03,1693,125,53120,1647867,5088,32271,0,-77,993062,0,13752,68623,0
2011-08-10,1563,2625,64820,1628060,5088,14599,0,536,992791,0,14424,96807,0
2011-08-17,1461,5126,34910,1647157,5088,8905,0,1502,992382,0,15266,95911,0
2011-08-24,1507,5228,68475,1610044,5088,10896,0,1359,991611,0,15346,99519,0
2011-08-31,1530,2675,47654,1591995,0,42481,0,1329,996056,0,15174,104544,0
2011-09-07,2328,3242,48865,1610237,0,22841,0,1031,1001525,0,15093,102756,0
2011-09-14,1746,2630,62990,1620658,0,16083,0,1368,998153,0,15372,94116,0
2011-09-21,1524,2636,76485,1549462,0,74216,0,1501,995059,0,15672,90953,0
2011-09-28,1410,225,43876,1608996,5077,44942,0,1297,996320,0,15358,82815,0
2011-10-05,1639,219,43850,1626597,5077,31623,0,1058,1000668,0,15290,82828,0
2011-10-12,2397,126,55148,1635388,5077,17681,0,2125,1003322,0,16298,73484,0
2011-10-19,1522,138,56203,1571686,5077,68392,0,1483,1001153,0,15837,80468,0
2011-10-26,1209,132,53640,1588042,0,55187,0,-661,1001574,0,12620,81316,0
2011-11-02,1522,126,36616,1521759,0,63901,0,-203,1008443,0,13177,124512,0
2011-11-09,1581,125,51425,1593637,0,24193,0,614,1015192,0,13978,87648,0
2011-11-16,1671,125,27302,1577567,0,44782,0,1215,1016372,0,14866,96829,0
2011-11-23,1314,124,115147,1491829,5055,34535,0,1125,1020751,0,14603,84779,0
2011-11-30,1312,165,52831,1487253,5055,85605,0,1170,1020447,0,14714,92968,0
2011-12-07,1491,126,66166,1549985,5055,21747,0,1550,1022091,0,15104,85198,0
2011-12-14,1414,700,78267,1615168,5055,25651,0,922,1024629,0,15333,82472,0
2011-12-21,1355,426,113016,1506559,0,106592,0,1632,1028516,0,15771,90070,0
2011-12-28,1594,378,70866,1569267,0,91418,0,1351,1034520,0,15680,88674,0
2012-01-04,2567,125,58279,1581549,0,87031,0,984,1032534,0,13850,88111,0
2012-01-11,1400,125,65141,1584775,0,66067,0,1307,1026588,0,16706,84632,0
2012-01-18,2162,126,74285,1545459,3079,108203,0,1770,1026122,0,15288,91093,0
2012-01-25,1138,125,41675,1579243,3079,111938,0,1596,1024676,0,15277,88715,0
2012-02-01,1264,141,42198,1573947,3079,120691,0,1712,1028912,0,16334,83873,0
2012-02-08,1298,126,45411,1633735,3079,49136,0,960,1036968,0,17314,86755,0
2012-02-15,1214,269,9467,1673837,0,50066,0,948,1044259,0,17219,87117,0
2012-02-22,1782,130,62322,1622800,0,36033,0,1320,1048004,0,17464,89824,0
2012-02-29,1129,127,44702,1607107,0,62542,0,2172,1049876,0,18231,87553,0
2012-03-07,1310,127,41106,1604062,0,26437,0,1410,1053260,0,17640,85169,1260
2012-03-14,1707,127,53934,1566195,0,45420,0,1264,1055150,0,17638,97750,1500
2012-03-21,1031,144,47576,1544629,0,87172,0,1806,1055474,0,16467,85888,0
2012-03-28,1046,127,29981,1564982,3057,68452,0,1667,1056418,0,16476,83227,0
2012-04-04,1377,127,28697,1562352,3057,56774,0,1235,1059520,0,15879,83351,0
2012-04-11,1172,127,37998,1568800,3057,35524,0,1929,1059842,0,17416,88889,0
2012-04-18,1284,127,31698,1515300,3057,103093,0,1431,1058550,0,16673,91368,0
2012-04-25,1131,128,11990,1526319,0,102592,0,3664,1058308,0,19297,92447,0
2012-05-02,1234,137,19558,1483144,0,136746,0,2218,1060633,0,18110,90336,0
2012-05-09,1203,128,27369,1510340,0,102803,0,1700,1062148,0,17908,87779,0
2012-05-16,1097,140,8106,1515702,0,101035,0,1309,1061643,0,17688,91022,0
2012-05-23,932,129,18852,1526151,3053,80366,0,1809,1063767,0,18104,93575,0
2012-05-30,1457,135,10446,1526088,3053,67595,0,1519,1068150,0,17669,93526,0
2012-06-06,1209,129,17561,1546861,3053,54040,0,1678,1067825,0,17845,88861,0
2012-06-13,1010,1573,32631,1566665,3053,36248,0,1762,1067221,0,22673,83419,0
2012-06-20,956,1575,42459,1461720,0,139880,0,1899,1066758,0,18797,84108,0
2012-06-27,1014,1578,27526,1491988,0,117923,0,1238,1067917,0,17254,83737,0
2012-07-04,1527,1588,19849,1507949,0,97508,0,3696,1075912,0,18992,87963,0
2012-07-11,1007,2566,24825,1527556,0,75287,0,1033,1073732,0,16996,89689,0
2012-07-18,992,2576,32050,1537287,0,58670,0,1754,1070218,0,11407,87994,0
2012-07-25,847,2565,10414,1567867,3040,38258,0,2117,1069713,0,11922,87501,0
2012-08-01,950,4233,20675,1540999,3040,52683,0,2007,1072591,0,11520,89806,0
2012-08-08,952,5084,28960,1560221,3040,26113,0,1439,1074524,0,11148,91505,0
2012-08-15,891,5686,10899,1563493,3040,19906,0,1288,1075217,0,8850,90684,0
2012-08-22,884,5083,62616,1509847,0,13680,0,2013,1075754,0,9487,93713,0
2012-08-29,919,5084,12724,1531187,0,25021,0,1840,1081169,0,9576,92651,0
2012-09-05,1487,5084,20329,1528383,0,26561,0,1363,1086606,0,9351,89848,0
2012-09-12,967,5561,34229,1502895,0,38483,0,1895,1083835,0,9917,89663,3320
2012-09-19,896,5560,73498,1420635,3040,75676,0,1599,1083307,0,10213,93969,0
2012-09-26,888,5560,18660,1470536,3040,65665,0,1417,1085808,0,10155,89536,0
2012-10-03,1008,5561,16784,1464625,3040,73488,0,1514,1091276,0,10843,87263,0
2012-10-10,1588,5561,29828,1469795,3040,53452,0,1734,1094788,0,10731,88335,0
2012-10-17,958,5561,5139,1506249,0,68600,0,1558,1093841,0,10643,101307,0
2012-10-24,868,4862,99739,1433241,0,52847,0,2007,1092845,0,10192,91709,0
2012-10-31,1058,5991,17660,1434400,0,99966,0,1504,1099575,0,9979,99748,0
2012-11-07,1041,5931,26008,1511296,0,23970,0,1380,1104765,0,9994,92980,0
2012-11-14,1703,6481,57078,1506782,3043,26859,0,1470,1106915,0,19650,93590,0
2012-11-21,910,6724,59408,1512914,3043,15639,0,2141,1111192,0,12426,93736,0
2012-11-28,845,6482,15750,1539515,3043,16103,0,1429,1110454,0,10759,93230,0
2012-12-05,1002,7977,27443,1523936,3043,21431,0,2225,1112322,0,11642,94068,2250
2012-12-12,1171,5841,39730,1548229,0,31399,0,1403,1113527,0,20193,102444,0
2012-12-19,990,6000,70971,1482698,0,75017,0,2061,1117463,0,11399,100964,0
2012-12-26,829,6163,22729,1532687,0,55679,0,1157,1124578,0,10056,99853,0
2013-01-02,1193,6310,23359,1508672,0,84458,0,461,1126861,0,8346,103271,0
2013-01-09,926,6465,31301,1565502,0,47338,0,1030,1118345,0,9161,94967,0
2013-01-16,808,7149,5295,1604286,0,77177,0,1220,1112818,0,10909,90644,0
2013-01-23,1201,7281,53993,1596324,3036,81243,0,1051,1113879,0,10118,89893,0
2013-01-30,810,7433,5794,1644994,3036,71305,0,643,1113859,0,8252,98432,0
2013-02-06,1372,8094,20155,1667715,3036,48137,0,931,1118594,0,8532,84529,0
2013-02-13,1237,8248,45087,1696681,3036,42358,0,1273,1122999,0,10544,89055,0
2013-02-20,1640,8401,90625,1668383,0,40703,0,998,1127723,0,9572,93121,0
2013-02-27,1466,8556,16343,1754362,0,15966,0,1064,1128862,0,9444,100612,0
2013-03-06,1499,8635,13215,1745310,0,48960,0,1358,1132652,0,10054,93467,0
2013-03-13,1219,7600,33403,1802589,0,28448,0,1317,1133295,0,11562,92190,0
2013-03-20,1138,8952,74562,1756224,3045,71131,0,1341,1132556,0,11260,92925,0
2013-03-27,791,9107,14601,1829612,3045,53218,0,1290,1135095,0,9117,92541,0
2013-04-03,879,9186,8298,1837830,3045,60060,0,1535,1136943,0,9894,93907,260
2013-04-10,825,9380,13171,1851361,3045,52487,0,1299,1137087,0,10988,91530,2750
2013-04-17,923,9870,13172,1849229,0,121204,0,1690,1136345,0,11648,97577,0
2013-04-24,853,9869,98023,1749487,0,167621,0,1655,1137605,0,9608,90455,0
2013-05-01,1290,9949,7091,1813604,0,184624,0,1809,1139975,0,10225,95281,0
2013-05-08,1348,10105,14325,1869663,0,133620,0,1466,1142531,0,9632,88221,0
2013-05-15,1245,10868,23717,1952297,0,69489,0,672,1143322,0,8753,89385,0
2013-05-22,1167,10959,89893,1975178,0,25206,0,1576,1145256,0,9157,86693,0
2013-05-29,1627,11024,24925,2022589,10496,14298,0,1551,1149335,0,7451,88177,0
2013-06-05,980,11182,5825,2026257,10496,41025,0,1970,1147520,0,7600,94279,0
2013-06-12,974,9711,13391,2040727,10496,39284,0,2184,1146598,0,8414,86277,0
2013-06-19,881,10090,104020,1928398,10496,117287,0,1499,1146877,0,9138,88367,0
2013-06-26,872,10014,55540,2017729,0,94271,0,523,1150335,0,6242,88693,0
2013-07-03,1004,10030,10249,2051984,0,106048,0,1630,1159060,0,7512,91871,0
2013-07-10,879,9944,30785,2083053,0,75254,0,1241,1156856,0,6439,85903,0
2013-07-17,843,9944,15064,2140437,0,67165,0,1731,1152591,0,8269,88519,0
2013-07-24,863,10410,100102,2099329,11913,50966,0,1486,1151986,0,8417,85555,0
2013-07-31,921,10481,9630,2120843,11913,109693,0,1276,1154322,0,7884,91085,0
2013-08-07,918,10411,24357,2160982,11913,62679,0,1907,1156918,0,9015,90880,2260
2013-08-14,889,10411,47730,2198859,11913,57157,0,1490,1156364,0,9837,96859,1210
2013-08-21,776,10376,77018,2200192,0,41527,0,1670,1156377,0,7974,96342,0
2013-08-28,722,10382,29343,2264575,0,25064,0,1391,1160510,0,8384,90524,0
2013-09-04,1438,10380,9524,2274198,0,36359,0,1444,1166699,0,7986,92711,0
2013-09-11,884,8765,27982,2275642,0,30020,0,1719,1163470,0,8222,92164,0
2013-09-18,776,8874,67211,2254032,11662,60914,0,1757,1161845,0,8982,93020,0
2013-09-25,685,8877,29418,2307013,11662,46017,0,1711,1162802,0,9491,96926,6244
2013-10-02,883,8876,12500,2329156,11662,57533,0,1915,1166479,0,10028,92683,2702
2013-10-09,869,8877,15857,2362899,11662,23393,0,1715,1170912,0,10234,98660,425
2013-10-16,1380,8802,45096,2383431,0,31866,0,1313,1173127,0,9347,102685,2970
2013-10-23,661,8652,51702,2382593,0,35691,0,2255,1173971,0,9634,105495,15740
2013-10-30,705,8653,14592,2434946,0,30725,0,1562,1175550,0,9080,108834,5456
2013-11-06,919,8654,9758,2450034,0,30596,0,1392,1177482,0,8546,104094,6715
2013-11-13,1311,8653,22358,2489017,0,34247,0,1740,1178742,0,11982,102300,3970
2013-11-20,676,8735,32470,2470180,0,47871,0,1596,1176942,0,8375,100352,6121
2013-11-27,739,8740,13813,2488387,13532,45433,0,1944,1183993,0,8537,102018,5721
2013-12-04,838,8734,9140,2510626,13532,32379,0,1460,1185260,0,7547,98497,11095
2013-12-11,721,7971,19789,2540722,13532,21490,0,2094,1186440,0,12567,101280,34461
2013-12-18,793,7973,38646,2465932,13532,116998,0,1593,1189176,0,8061,100861,11105
2013-12-25,1214,7980,67731,2450733,0,93893,0,3226,1195201,0,9549,109012,42245
2014-01-01,1127,7970,26181,2249070,0,162399,0,2852,1197920,0,8035,118169,197755
2014-01-08,765,8047,14040,2490132,0,110758,0,1999,1190760,0,7935,107181,43545
2014-01-15,659,8047,12525,2560078,0,87926,0,1755,1183539,0,7458,109514,46752
2014-01-22,1124,8060,37061,2494731,12822,96724,0,2012,1182672,0,7734,108243,93711
2014-01-29,609,8062,18013,2525775,12822,95632,0,1981,1183141,0,7623,101152,94276
2014-02-05,772,7971,17020,2546900,12822,77423,0,3357,1187151,0,7971,95732,100382
2014-02-12,765,7971,17784,2601785,12822,32564,0,1427,1191693,0,6212,98046,94026
2014-02-19,1230,7977,20436,2610617,0,49750,0,2087,1202562,0,6938,110586,83299
2014-02-26,718,7972,11766,2610540,0,27427,0,1620,1207569,0,5429,102563,130111
2014-03-05,913,7972,7435,2659069,0,45744,0,2409,1215074,0,6755,96543,76183
2014-03-12,822,6570,12043,2662686,13542,42797,0,2226,1218569,0,6629,95427,66200
2014-03-19,739,6978,9403,2613996,15183,118033,0,2120,1223183,0,6598,95735,76145
2014-03-26,673,7028,19265,2611169,15413,89067,0,1680,1224796,0,5665,95851,101944
2014-04-02,834,6980,9252,2611768,14251,107199,0,1725,1226950,0,5907,91155,106045
2014-04-09,720,6977,10751,2697888,0,54528,0,2337,1227767,0,7181,93230,89023
2014-04-16,772,6978,6498,2670804,0,134483,0,1902,1227489,0,7331,101771,71744
2014-04-23,655,7803,7743,2583715,0,150225,0,2087,1227118,0,6430,108581,147951
2014-04-30,863,7826,7659,2514438,0,148343,0,2102,1228708,0,6588,117276,208222
2014-05-07,775,7777,5463,2597049,0,96998,0,2256,1231360,0,7309,106489,193706
2014-05-14,747,7777,28284,2647633,0,62954,0,2042,1232057,0,7220,110485,183187
2014-05-21,653,7777,8198,2658133,0,31128,0,1931,1233591,0,7036,103979,220722
2014-05-28,951,7788,6406,2677298,27575,22950,0,1965,1237978,0,7162,106936,171269
2014-06-04,814,7779,6175,2708064,42904,31902,0,1993,1237058,0,6954,105553,127401
2014-06-11,698,5946,10508,2709242,59102,42420,0,2161,1236061,0,7481,102261,110875
2014-06-18,727,5951,7984,2637585,77769,147619,0,2064,1235772,0,7024,103037,88388
2014-06-25,591,5952,10648,2628060,92690,108064,0,1940,1236205,0,7074,103070,119673
2014-07-02,787,5941,7389,2604780,92420,101085,0,2242,1243667,0,6522,109630,148492
2014-07-09,749,5866,6878,2633053,124887,56503,0,2149,1244205,0,6689,103331,144921
2014-07-16,689,6566,6856,2654218,152795,63737,0,1933,1241287,0,6256,103635,105841
2014-07-23,615,6564,14991,2787997,0,55807,0,2012,1240227,0,6535,104949,136740
2014-07-30,639,6565,10395,2785798,0,70123,0,1467,1241974,0,6087,112973,115757
2014-08-06,851,6565,7130,2789406,0,69324,0,2038,1244467,0,6664,105611,123782
2014-08-13,664,6566,14515,2799350,0,68670,0,2185,1244873,0,7345,97984,135622
2014-08-20,616,6566,28373,2769843,0,32225,0,1661,1243749,0,6604,118147,150444
2014-08-27,639,6564,7411,2778394,0,29547,0,1711,1246222,0,6638,102157,179845
2014-09-03,1203,6567,9328,2813753,0,21036,0,1887,1250066,0,6992,99290,151016
2014-09-10,721,5241,16004,2788954,0,31872,0,1693,1247980,0,6693,107303,160299
2014-09-17,652,5244,7682,2751908,0,123965,0,1932,1244959,0,6607,95288,156936
2014-09-24,652,5243,57623,2707185,0,118905,0,1681,1245118,0,6232,99407,162317
2014-10-01,701,5247,10922,2685947,0,126568,0,1683,1246841,0,6363,98811,212481
2014-10-08,692,5243,7697,2765616,0,85309,0,1540,1249645,0,6938,95335,182531
2014-10-15,1057,5242,8156,2820736,0,101413,0,1578,1252216,0,7965,99234,121915
2014-10-22,619,5248,9458,2679606,110029,124596,0,1539,1252921,0,6766,100492,135424
2014-10-29,618,5253,8257,2627273,171860,118660,0,1648,1255070,0,6618,101999,134690
2014-11-05,783,5248,7047,2600218,219144,104204,0,1169,1262986,0,5880,101695,122900
2014-11-12,1181,5249,10792,2570696,262102,95008,0,1869,1268945,0,6854,99889,111681
2014-11-19,678,5304,15363,2486314,307723,79634,0,1852,1267712,0,6466,99623,167377
2014-11-26,735,5250,6224,2479295,334714,71901,0,2042,1273194,0,6561,103189,148284
2014-12-03,733,5249,9739,2479454,334714,57606,0,1407,1274486,0,5742,95553,166328
2014-12-10,623,5252,14323,2428934,402153,48807,0,2130,1277416,0,6909,92031,155322
2014-12-17,635,5206,9846,2739110,0,171314,0,1826,1282562,0,6443,98233,131783
2014-12-24,658,5209,59692,2609635,0,177911,0,1853,1294247,0,6142,96096,202737
2014-12-31,641,5242,20320,2377996,0,223452,0,1161,1298725,0,4304,113132,396705
2015-01-07,798,5211,9166,2710273,0,176363,0,1769,1293701,0,5426,97688,143749
2015-01-14,596,5234,34371,2760384,0,159730,0,2229,1286580,0,8314,108319,95400
2015-01-21,834,5212,9006,2671704,0,196231,0,1102,1286572,0,5917,112545,167769
2015-01-28,485,5211,8108,2662580,0,194311,0,1256,1285817,0,4915,117937,163553
2015-02-04,576,5213,9204,2708811,0,157250,0,927,1290772,0,5660,120000,145650
2015-02-11,583,5213,8598,2558213,188083,130765,0,1672,1298107,0,6320,121823,126752
2015-02-18,865,5212,9703,2445901,296921,73097,0,1960,1304186,0,6669,129781,167273
2015-02-25,767,5213,6323,2346998,404150,46714,0,1366,1306848,0,5983,126421,179750
2015-03-04,666,5212,6697,2554669,216067,52446,0,2038,1310423,0,6667,132068,145100
2015-03-11,796,5236,15334,2692693,107229,27237,0,1426,1311673,0,6203,130910,134389
2015-03-18,688,5222,9978,2726319,0,87560,0,1848,1311845,0,7076,138191,151424
2015-03-25,745,5225,9484,2737802,0,71325,0,1723,1312914,0,6648,138458,140389
2015-04-01,598,5241,9609,2667663,0,65529,0,1564,1315259,0,6553,145815,207878
2015-04-08,583,5230,12093,2792912,0,44254,0,2226,1318707,0,7470,148049,96443
2015-04-15,588,5231,8656,2748955,0,111551,0,1597,1317078,0,7967,157822,69829
2015-04-22,554,5231,8656,2617380,0,201073,0,2061,1315038,0,8673,161242,114148
2015-04-29,549,5233,7992,2581067,0,245426,0,2259,1315983,0,7661,157663,92224
2015-05-06,631,5230,7961,2610056,0,229131,0,2445,1319628,0,7399,150211,84722
2015-05-13,600,5231,13925,2643845,0,205392,0,2229,1320021,0,10328,151640,92129
2015-05-20,497,5231,17982,2588146,0,173749,0,1225,1321436,0,6985,153915,154345
2015-05-27,846,5232,8872,2536920,79919,163581,0,1371,1324879,0,6859,149809,128828
2015-06-03,371,5231,7569,2490044,145702,184099,0,2522,1323783,0,7726,147197,95389
2015-06-10,544,5241,13711,2661661,0,172918,0,2285,1322053,0,7427,145746,80453
2015-06-17,366,5242,8138,2575506,0,251369,0,1785,1320363,0,7111,150741,110708
2015-06-24,425,5243,79833,2493529,0,240762,0,1844,1320475,0,7108,152774,136642
2015-07-01,442,5243,17317,2504532,0,212135,0,1857,1325147,0,6192,156446,193411
2015-07-08,363,5244,22524,2585343,0,173642,0,2332,1326791,0,7235,156385,145470
2015-07-15,337,5244,9968,2655145,0,175706,0,1627,1325699,0,7183,152807,103217
2015-07-22,431,5243,9630,2645457,0,183203,0,1686,1325714,0,6334,153500,112695
2015-07-29,280,5243,8476,2632830,0,203378,0,2036,1327709,0,6751,156082,86429
2015-08-05,320,5244,13890,2624012,0,198755,0,1958,1330071,0,6821,162181,86869
2015-08-12,458,5244,27730,2555790,66066,207989,0,2636,1331786,0,7806,163785,64411
2015-08-19,284,5245,18486,2553587,123262,142076,0,1832,1331402,0,6761,163534,84360
2015-08-26,397,5244,14852,2705163,0,119147,0,2237,1333207,0,6925,163157,68719
2015-09-02,322,5244,19007,2694817,0,122263,0,1844,1337302,0,6739,161571,70330
2015-09-09,462,5255,26149,2734650,0,76256,0,1976,1342139,0,6962,159923,68129
2015-09-16,356,5270,17329,2643764,0,179990,0,2112,1339721,0,7073,153836,82181
2015-09-23,238,5256,16190,2602196,0,164941,0,1660,1339843,0,6471,159500,144297
2015-09-30,483,6231,32267,2197657,0,198716,0,1848,1342390,0,6724,191467,449614
2015-10-07,388,5256,20449,2678794,0,87139,0,2005,1345839,0,7067,167250,115434
2015-10-14,524,5298,43416,2719981,0,57540,0,2119,1347750,0,9166,172262,90184
2015-10-21,366,5258,18786,2675588,0,57086,0,1525,1347010,0,7380,180217,151082
2015-10-28,571,5273,20102,2668187,0,35586,0,1444,1349738,0,6474,189494,155316
2015-11-04,375,5281,20796,2689851,0,44215,0,1642,1355849,0,6423,200878,107406
2015-11-11,727,5358,25859,2659338,0,96449,0,3424,1360331,0,8297,193869,83130
2015-11-18,421,4705,18199,2611966,0,112494,0,1388,1359948,0,6600,191769,121961
2015-11-25,433,5220,19491,2574961,0,154215,0,1887,1365308,0,6984,191640,100152
2015-12-02,299,5221,20712,2532190,0,217267,0,1719,1366602,0,6745,186165,84184
2015-12-09,323,5429,27208,2510015,43832,175746,0,2665,1367342,0,8012,195867,87963
2015-12-16,333,5231,16020,2460053,0,266187,0,1870,1368985,0,7346,204714,102004
2015-12-23,482,5230,21874,2371079,0,266131,0,1781,1376353,0,7069,211254,178332
2015-12-30,284,5231,21910,2208683,0,324846,0,1837,1380759,0,6903,221072,277447
2016-01-06,344,5241,22665,2353501,0,337737,0,1714,1376501,0,6147,218381,126584
2016-01-13,432,5231,24266,2450827,0,302240,0,2147,1370224,0,7869,216687,84416
2016-01-20,423,5231,14393,2412078,0,318749,0,1801,1369051,0,6438,216347,106627
2016-01-27,466,5233,16786,2399267,0,337973,0,1431,1368187,0,5829,219801,89304
2016-02-03,198,5539,14936,2441276,0,312633,0,2141,1370254,0,6881,229810,62461
2016-02-10,458,5237,18507,2483140,0,276161,0,2088,1373926,0,6965,234398,47974
2016-02-17,314,5238,18207,2490021,0,242350,0,1517,1382645,0,6590,246648,52098
2016-02-24,672,5238,59457,2426047,63907,216862,0,1790,1385083,0,6321,245611,41065
2016-03-02,443,5240,21800,2496582,0,229388,0,1559,1387972,0,6110,246879,44546
2016-03-09,388,5171,24327,2533225,0,196297,0,2283,1391874,0,6833,236087,47346
2016-03-16,345,5175,16215,2455522,0,279081,0,1899,1393955,0,6606,241499,48389
2016-03-23,397,5173,27793,2431826,0,277707,0,2025,1395796,0,6623,237480,70075
2016-03-30,1390,5172,34050,2336086,0,291912,0,1954,1397642,0,6823,242569,127119
2016-04-06,547,5173,32301,2467091,0,263537,0,2327,1400041,0,6813,241052,27455
2016-04-13,405,5197,39594,2509845,0,237928,0,1744,1399277,0,8890,241926,16610
2016-04-20,397,5173,27582,2404665,0,337540,0,1494,1399868,0,6359,236542,31971
2016-04-27,842,5174,27056,2353257,0,372499,0,1430,1402602,0,6084,235681,31432
2016-05-04,381,5174,34959,2383369,0,323794,0,2678,1405515,0,7245,241203,35592
2016-05-11,324,5174,33757,2409768,0,305842,0,1954,1406817,0,7098,238056,31533
2016-05-18,391,5203,25107,2399629,0,277289,0,1571,1406583,0,6601,248951,63920
2016-05-25,275,5179,25359,2339987,66820,257092,0,1233,1408488,0,6095,245926,65797
2016-06-01,568,5179,31989,2400969,0,259693,0,2202,1413557,0,6673,241488,61186
2016-06-08,292,5195,38828,2448818,0,225116,0,2504,1412459,0,7704,243590,41445
2016-06-15,402,5197,27434,2404901,0,305523,0,1672,1411284,0,6597,243056,28313
2016-06-22,293,5196,32991,2318595,0,331412,0,2063,1411173,0,7166,244684,90386
2016-06-29,1406,5194,46968,2199119,0,346632,0,1647,1416748,0,6575,260521,143206
2016-07-06,684,5196,51760,2308282,0,298044,0,2391,1420861,0,7294,254975,83401
2016-07-13,640,5196,66450,2327301,0,307707,0,1843,1418595,0,6731,251119,48357
2016-07-20,382,5219,37639,2318251,0,327138,0,1066,1416605,0,7332,248948,79368
2016-07-27,760,5269,38230,2332237,0,316238,0,1643,1416578,0,6068,241339,67687
2016-08-03,460,5197,34787,2403064,0,245682,0,2584,1418934,0,7307,243179,68075
2016-08-10,529,5196,40780,2382780,0,252095,0,2080,1419376,0,6982,240897,80174
2016-08-17,522,5265,35483,2335873,58594,241426,0,1784,1418599,0,6882,242356,81337
2016-08-24,606,5164,80691,2341222,0,244881,0,1736,1419069,0,6203,240510,95350
2016-08-31,1366,5167,40740,2230607,0,288946,0,1187,1422618,0,5787,251162,171368
2016-09-07,650,5167,39205,2382028,0,238152,0,2172,1427438,0,6830,240699,79080
2016-09-14,761,5166,83889,2349288,0,252691,0,1828,1424422,0,8671,252115,64485
2016-09-21,365,5168,39588,2170319,0,358603,0,1192,1422486,0,6947,252559,176835
2016-09-28,756,5165,36100,2085237,0,339619,0,1317,1423924,0,6219,242533,272277
2016-10-05,561,5165,36001,2063383,0,342208,0,1665,1429016,0,6310,238624,297964
2016-10-12,583,5165,44350,2162086,0,342875,0,1679,1432666,0,6698,234429,188671
2016-10-19,503,5165,37737,2105811,0,409693,0,1677,1430689,0,6436,239358,191810
2016-10-26,527,5166,52826,2065020,48601,420256,0,689,1431381,0,5556,242744,142065
2016-11-02,504,5172,37907,2137209,0,371894,0,2283,1438335,0,6939,238706,176232
2016-11-09,643,5517,39666,2190082,0,365454,0,1659,1443384,0,6746,232356,130993
2016-11-16,523,5167,48996,2177585,0,375908,0,1102,1444552,0,5285,239305,116044
2016-11-23,522,5166,101219,2103184,0,386683,0,1568,1448356,0,5924,254988,119371
2016-11-30,1437,5169,45454,2015313,0,422034,0,1156,1448631,0,5200,254167,208524
2016-12-07,464,5167,43758,2133602,0,344032,0,2263,1450907,0,6741,237736,185812
2016-12-14,626,5179,88599,2123555,0,325271,0,1715,1452100,0,6343,259318,169563
2016-12-21,475,5181,50643,1962767,0,387014,0,864,1456501,0,5893,252695,307477
2016-12-28,785,5165,46966,1942983,0,372825,0,1397,1462574,0,5953,249845,323912
2017-01-04,966,5164,45161,1998166,0,371833,0,960,1462563,0,5594,256745,266468
2017-01-11,686,5166,46968,2110927,0,369010,0,1961,1457601,0,6780,256105,158820
2017-01-18,769,5165,50728,2118818,0,396916,0,1962,1456778,0,8260,252759,130118
2017-01-25,596,5165,47824,2137012,0,401735,0,1116,1452880,0,5611,253204,108360
2017-02-01,393,5335,44648,2172093,0,339229,0,1214,1453722,0,6226,258049,133730
2017-02-08,384,5165,45424,2237460,0,287035,0,1857,1458900,0,7016,251416,122934
2017-02-15,447,5182,47391,2254271,0,274178,0,1150,1462429,0,6365,258786,105123
2017-02-22,749,5165,52628,2243156,0,228171,0,1769,1466089,0,6684,247696,177833
2017-03-01,453,5164,52154,2307954,16625,148385,0,1974,1475112,0,6750,248878,156010
2017-03-08,631,5165,53998,2351131,0,66163,0,1873,1482492,0,6464,241127,212124
2017-03-15,438,5169,63642,2368120,0,23416,0,1879,1484495,0,6739,250502,226510
2017-03-22,486,5171,73572,2313962,0,54245,0,2242,1487305,0,7211,244705,251013
2017-03-29,783,5164,82460,2269985,0,63101,0,1562,1489783,0,6850,250540,260357
2017-04-05,676,5177,82443,2337776,0,82953,0,1454,1493478,0,6352,250546,174644
2017-04-12,651,5174,90598,2367767,0,119157,0,1876,1494338,0,8783,251905,105528
2017-04-19,553,5455,82991,2256670,0,229485,0,1690,1494691,0,6680,245586,116567
2017-04-26,504,5164,86780,2200671,0,270845,0,1295,1496078,0,6401,240750,122323
2017-05-03,603,5200,81805,2200821,0,203408,0,1852,1499533,0,6564,245953,186667
2017-05-10,413,5165,85367,2219918,0,188256,0,1569,1501672,0,6860,237824,187269
2017-05-17,477,5164,83937,2247674,0,172891,0,2074,1501692,0,6913,240311,167270
2017-05-24,411,5164,100067,2206163,16347,163058,0,1559,1504774,0,6746,242371,184946
2017-05-31,1140,5178,75317,2129606,0,189831,0,1455,1509625,0,6251,245983,256176
2017-06-07,597,5361,73503,2270846,0,154760,0,1879,1509455,0,7385,234591,165138
2017-06-14,744,5252,112047,2231204,0,163941,0,1875,1508561,0,7609,243014,163056
2017-06-21,433,5165,75560,2164616,0,225126,0,947,1508773,0,7493,247467,198769
2017-06-28,836,5165,77266,2118108,0,197597,0,1534,1512186,0,6481,241166,263699
2017-07-05,653,5164,73708,2169650,0,165044,0,1625,1518965,0,6503,246709,240029
2017-07-12,513,5165,75040,2238951,0,162156,0,1666,1517809,0,6325,240724,179172
2017-07-19,451,5164,76133,2250646,0,189282,0,1663,1514860,0,6857,247929,144731
2017-07-26,452,5190,77229,2293616,0,183534,0,1066,1514951,0,5669,240485,103311
2017-08-02,648,5166,76218,2291577,0,165407,0,1786,1518395,0,6989,242243,119334
2017-08-09,475,5165,77037,2336315,0,139553,0,1502,1520051,0,6342,239319,103950
2017-08-16,343,5165,76849,2364972,14733,96029,0,1097,1519475,0,7009,244483,92840
2017-08-23,522,5165,77418,2338170,0,67930,0,1560,1519600,0,6231,238030,169793
2017-08-30,1233,5165,87244,2331956,0,66877,0,1279,1523475,0,6716,242622,146086
2017-09-06,749,5166,81039,2357048,0,38662,0,1503,1531365,0,6418,246795,145128
2017-09-13,422,5165,82942,2360190,0,73220,0,1307,1533584,0,7823,241051,125668
2017-09-20,537,5165,78063,2229409,0,151204,0,1060,1533583,0,5880,245544,168025
2017-09-27,739,5370,80117,2178841,0,155159,0,806,1533124,0,6052,234990,220083
2017-10-04,690,5165,78941,2228518,0,154619,0,1497,1535748,0,6197,230616,178738
2017-10-11,443,5166,83687,2267739,0,155307,0,1804,1538386,0,7198,230470,129805
2017-10-18,494,5165,79254,2255104,0,196106,0,1148,1538055,0,6026,226840,121457
2017-10-25,318,5166,82503,2241618,14140,185092,0,1065,1536876,0,6275,235846,112057
2017-11-01,503,5177,77875,2281472,0,181764,0,1367,1542094,0,5850,232771,87165
2017-11-08,521,5166,80851,2317610,0,160437,0,1674,1544556,0,7038,226590,74546
2017-11-15,387,5368,79549,2357806,0,148165,0,1733,1545840,0,6486,228411,35038
2017-11-22,542,5165,79989,2329834,0,151783,0,1938,1551645,0,7164,231616,51634
2017-11-29,1504,5167,87488,2271173,0,178685,0,1126,1552706,0,5908,227625,67019
2017-12-06,657,5168,76416,2325294,0,122127,0,1407,1555667,0,6787,227346,76368
2017-12-13,322,5252,81703,2322762,0,64734,0,1455,1556777,0,7726,228737,143392
2017-12-20,236,5253,75308,2237142,0,170817,0,1090,1560665,0,6925,222220,127582
2017-12-27,423,5254,76897,2176452,0,186486,0,1179,1569058,0,5931,239042,147749
2018-01-03,325,5253,71402,2194651,0,169957,0,681,1571272,0,5481,252368,131622
2018-01-10,374,5253,73072,2257894,0,198573,0,1471,1565377,0,5844,240336,57954
2018-01-17,247,5253,70574,2234452,0,256720,0,1631,1563007,0,6728,240211,20548
2018-01-24,299,5254,96208,2182220,0,275963,0,1500,1559425,0,5836,238332,36371
2018-01-31,1129,5255,76740,2142376,0,275794,0,1264,1560302,0,5666,244679,65797
2018-02-07,282,5253,80460,2240014,0,202221,0,1287,1565333,0,5138,232420,48120
2018-02-14,223,5254,107178,2255967,0,180845,0,1672,1569037,0,6385,229882,38518
2018-02-21,309,5255,80502,2215339,0,208817,0,933,1574396,0,5290,234999,45171
2018-02-28,906,5255,77043,2208308,0,199390,0,1435,1579985,0,5893,232948,44510
2018-03-07,571,5254,77190,2261353,0,187515,0,1867,1585789,0,5782,219171,14295
2018-03-14,354,5254,104707,2190143,0,236160,0,1606,1587660,0,6541,232309,4970
2018-03-21,239,5254,80867,2135068,0,298973,0,1189,1587391,0,5110,228563,20586
2018-03-28,603,5254,76728,2119005,0,300355,0,1383,1589535,0,6117,237542,17898
2018-04-04,453,5254,78434,2098731,0,300604,0,974,1593169,0,5006,260687,4570
2018-04-11,257,5253,77110,2128844,0,287804,0,1644,1593365,0,6606,242843,2361
2018-04-18,353,5253,74979,2067159,0,350943,0,1309,1594816,0,5407,233727,14021
2018-04-25,209,5254,74452,2010948,0,403067,0,631,1595828,0,5461,234844,3570
2018-05-02,330,5254,74445,1991823,0,384961,0,1297,1598599,0,5283,249652,6520
2018-05-09,254,5254,73100,2046776,0,338377,0,1334,1601610,0,6080,244760,2720
2018-05-16,266,5255,74145,2022661,0,327748,0,1185,1606143,0,5174,254359,2545
2018-05-23,262,5255,73474,2040545,3686,312169,0,1158,1609131,0,6003,244469,2996
2018-05-30,1100,5255,78398,2005887,0,332712,0,1201,1613679,0,5472,241634,3920
2018-06-06,310,5260,71166,2031965,0,289454,0,1350,1614767,0,6209,243821,16772
2018-06-13,314,5255,73546,2063038,0,282968,0,1521,1614115,0,6436,236633,3025
2018-06-20,189,5255,74523,1952143,0,380090,0,830,1614030,0,6363,243405,320
2018-06-27,758,5256,73629,1940916,0,362175,0,1120,1617589,0,5431,240157,20680
2018-07-04,434,5254,69323,1954210,0,325543,0,2487,1624417,0,7076,259753,4852
2018-07-11,386,5256,70560,1980868,0,316434,0,985,1624385,0,5000,248182,1230
2018-07-18,389,5257,70463,1949946,0,335801,0,1060,1620664,0,5732,258438,6021
2018-07-25,364,5256,71029,1947288,0,338978,0,1105,1620547,0,4975,249620,720
2018-08-01,620,5257,70756,1966432,0,310204,0,1229,1621958,0,5763,234964,795
2018-08-08,410,5257,69154,1966103,0,311690,0,1253,1623919,0,5204,235731,1659
2018-08-15,335,5257,66237,1918744,0,318117,0,824,1625914,0,5766,249221,315
2018-08-22,278,5256,69338,1902785,0,334992,0,1474,1627390,0,5553,243078,1126
2018-08-29,574,5257,74251,1880507,2487,345255,0,1078,1633269,0,5856,231592,840
2018-09-05,689,5256,65686,1897901,0,324437,0,1120,1640845,0,5048,229642,10
2018-09-12,362,5256,69711,1924009,0,297697,0,1282,1639176,0,6068,228231,1315
2018-09-19,280,5256,63741,1822718,0,399519,0,1116,1637959,0,5192,225421,8915
2018-09-26,540,5255,69306,1837874,0,367243,0,832,1638215,0,5619,224134,5625
2018-10-03,326,5257,65350,1837587,0,350281,0,535,1642102,0,4645,227093,2954
2018-10-10,334,5258,75790,1878887,0,308869,0,1240,1645165,0,6182,214903,2390
2018-10-17,319,5256,69204,1831618,0,360638,0,1109,1643651,0,5246,220203,174
2018-10-24,329,5256,68254,1825010,0,360681,0,855,1642665,0,5843,219493,6444
2018-10-31,1022,5257,66688,1771541,0,366596,0,764,1648166,0,4833,231715,4815
2018-11-07,267,5257,63995,1828825,0,316157,0,1309,1651250,0,6232,228963,1875
2018-11-14,404,5256,92505,1799529,0,328686,0,1073,1654871,0,5406,219451,660
2018-11-21,251,5257,71505,1757507,0,317331,0,1336,1658077,0,6273,234664,16205
2018-11-28,467,5257,70759,1758681,0,332336,0,522,1658505,0,4720,225756,1559
2018-12-05,508,5357,76027,1736307,0,328613,0,1318,1658238,0,6208,232522,3135
2018-12-12,483,5243,70475,1751413,0,322663,0,1309,1657857,0,5546,234983,461
2018-12-19,369,5244,74098,1649165,0,396293,0,1243,1661139,0,6186,246637,5982
2018-12-26,451,6191,82361,1660932,0,368236,0,966,1668206,0,5280,243815,1005
2019-01-02,349,5244,70720,1607336,0,382616,0,172,1672109,0,4477,256913,19481
2019-01-09,370,5245,68819,1664186,0,349443,0,1224,1664020,0,4907,257904,2537
2019-01-16,317,5243,64527,1625501,0,396414,0,725,1657729,0,5223,254639,1316
2019-01-23,431,5243,72963,1611718,0,402227,0,990,1657081,0,4640,242202,11415
2019-01-30,1184,5242,63399,1609140,0,411384,0,845,1655577,0,5376,248246,990
2019-02-06,257,5244,58660,1658863,0,353896,0,573,1657611,0,4438,246304,1926
2019-02-13,205,5244,60714,1634417,0,375119,0,668,1661886,0,5421,244568,1697
2019-02-20,264,5243,61779,1619745,0,331003,0,838,1664269,0,4783,252904,2275
2019-02-27,948,5243,59451,1682210,0,266024,0,793,1664572,0,5634,249433,1915
2019-03-06,658,5244,59874,1736547,0,213611,0,1270,1671653,0,5226,235017,2115
2019-03-13,219,5243,62135,1707125,0,238381,0,1212,1673581,0,6156,239467,16
2019-03-20,234,5244,59069,1623812,0,314749,0,931,1674497,0,4954,240255,617
2019-03-27,409,5243,58842,1632788,0,295593,0,972,1675919,0,5879,241434,166
2019-04-03,537,5243,55155,1630987,0,270470,0,773,1679632,0,4782,249349,16
2019-04-10,242,5244,56676,1646560,0,245664,0,1307,1680490,0,6191,253643,2731
2019-04-17,316,5243,52219,1524297,0,369365,0,1090,1680169,0,5194,255667,15
2019-04-24,270,5244,54692,1472812,0,398916,0,1030,1680701,0,5928,260885,9515
2019-05-01,547,5245,57998,1460010,0,368764,0,1235,1682814,0,5194,269792,27
2019-05-08,247,5245,59891,1490680,0,344461,0,1322,1685161,0,6134,260949,21
2019-05-15,333,5246,54750,1516419,0,294969,0,1157,1684341,0,5380,263363,562
2019-05-22,279,5245,55916,1532833,0,264581,0,1116,1686894,0,6049,265487,3751
2019-05-29,658,5245,60157,1534792,0,249011,0,1089,1691580,0,5398,263191,2226
2019-06-05,575,5244,63798,1559710,2700,207647,0,1343,1690780,0,6297,269451,2255
2019-06-12,321,5244,62154,1609738,0,173062,0,1325,1690261,0,5656,262625,1705
2019-06-19,165,5244,58795,1501524,0,258641,0,984,1689656,0,6078,262338,22357
2019-06-26,339,5249,61004,1508451,0,240909,0,1048,1694004,0,5452,264405,7784
2019-07-03,584,5245,56445,1485213,0,220911,0,1410,1702771,0,5950,290003,6849
2019-07-10,270,5254,54225,1525352,0,195226,0,889,1702178,0,4811,282243,6252
2019-07-17,231,5255,54852,1515069,0,206203,0,1008,1698998,0,5679,280636,1960
2019-07-24,607,5255,69520,1525340,0,178227,0,848,1697963,0,4901,274141,8255
2019-07-31,886,5254,52854,1490546,0,176662,0,668,1699610,0,5352,301343,7367
2019-08-07,222,5255,61577,1551621,0,133077,0,1304,1701134,0,5282,280512,3622
2019-08-14,234,5255,93220,1511264,0,130981,0,1069,1701360,0,5882,295797,2744
2019-08-21,207,5256,61763,1517820,0,131447,0,597,1703116,0,4744,286065,15153
2019-08-28,368,5257,59831,1504244,1668,150146,0,884,1706795,0,5619,282465,4255
2019-09-04,600,5255,61966,1454454,0,174779,0,948,1717581,0,4997,301201,1425
2019-09-11,187,5256,65481,1458667,0,183581,0,1089,1717172,0,5825,290638,3612
2019-09-18,166,5186,66673,1385426,0,303057,0,1003,1714568,0,5207,306208,18910
2019-09-25,135,5187,69351,1427289,0,305810,0,707,1714733,0,5387,290408,133
2019-10-02,486,5186,67856,1486710,0,335185,0,961,1717473,0,5005,285564,3054
2019-10-09,142,5185,61373,1528394,0,297389,0,1335,1720990,0,6050,289640,1469
2019-10-16,220,5186,58001,1469871,0,361497,0,1096,1724390,0,5186,300994,1803
2019-10-23,177,5186,60407,1451555,0,375170,0,1134,1725020,0,5793,287757,18290
2019-10-30,1156,5187,60998,1484719,0,400616,0,936,1732868,0,5282,289465,196
2019-11-06,198,5183,56657,1528757,0,378184,0,1212,1736735,0,5916,286846,1650
2019-11-13,245,5183,62424,1542664,0,370185,0,1424,1739702,0,6088,280310,1762
2019-11-20,128,5183,53481,1530158,0,357551,0,949,1737673,0,6261,274817,26097
2019-11-27,904,5181,57712,1559719,0,358896,0,1219,1744018,0,5623,281415,506
2019-12-04,508,5181,60036,1593719,0,338453,0,1314,1745447,0,6078,277374,0
2019-12-11,274,5182,62945,1671196,0,304160,0,1513,1744649,0,5939,262028,605
2019-12-18,148,5182,65485,1631448,0,378573,0,1206,1747734,0,5985,250619,13362
2019-12-25,167,5182,107226,1648238,0,351934,0,2604,1754066,0,6765,249067,4423
2020-01-01,725,5182,74075,1548849,0,403853,0,2120,1759427,0,6344,272562,64087
2020-01-08,179,5182,63839,1656629,0,350840,0,1462,1754110,0,5319,274047,876
2020-01-15,152,5181,63712,1673362,0,380802,0,1063,1747488,0,5718,260238,675
2020-01-22,242,5180,63605,1609594,0,411708,0,1180,1746549,0,5153,249753,15604
2020-01-29,729,5181,60823,1612223,0,450537,0,1042,1744597,0,5613,233104,300
2020-02-05,180,5183,62621,1652873,0,416585,0,1082,1746494,0,5105,235051,4112
2020-02-12,158,5183,61204,1695082,0,404341,0,1034,1748261,0,6112,223520,309
2020-02-19,187,5187,63945,1659021,0,421051,0,988,1751590,0,5079,221815,5149
2020-02-26,638,5186,69117,1680070,0,387615,0,1000,1751909,0,5583,217668,2300
2020-03-04,670,5186,75906,1735006,0,381302,0,2091,1762125,0,6052,231677,5025
2020-03-11,371,5187,104842,1779990,0,372337,0,2078,1770786,0,6529,231950,1325
2020-03-18,278,6887,241491,1945394,0,401354,0,947,1795024,0,5229,233469,477
2020-03-25,308,16261,272368,2347747,0,384890,0,1430,1823968,0,10827,261703,97411
2020-04-01,591,17745,224635,2684398,0,506933,0,2244,1830985,0,13067,286599,207828
2020-04-08,344,16646,240030,2774506,0,827178,0,2022,1835225,0,15892,281005,53483
2020-04-15,396,16347,231475,3069874,0,856155,0,2104,1839299,0,35924,276434,3150
2020-04-22,341,16303,306130,3099980,0,949999,0,2205,1847662,0,24597,278467,10825
2020-04-29,1438,16323,204070,3163513,0,1076232,0,1933,1862131,0,24279,267656,1450
2020-05-06,272,16336,193329,3165606,0,1143268,0,2029,1873325,0,25208,264031,1175
2020-05-13,288,16328,246034,3263431,0,1138172,0,2095,1881319,0,21114,267325,13825
2020-05-20,261,16228,267066,3304221,0,1193297,0,1530,1890000,0,11644,256923,9726
2020-05-27,355,16251,179062,3317688,0,1326897,0,1160,1899514,0,8160,239650,4326
2020-06-03,758,16281,155519,3257435,0,1431462,0,2005,1903660,0,11131,246041,13
2020-06-10,277,16256,155802,3190654,0,1504569,0,2057,1907027,0,10621,240802,12
2020-06-17,268,16247,144637,3069439,0,1565306,0,1331,1910886,0,9531,225461,1
2020-06-24,285,16222,245586,2937657,0,1586573,0,1423,1915107,0,7599,220361,1
2020-07-01,801,16223,161920,2863196,0,1656747,0,697,1922987,0,7084,227234,2
2020-07-08,266,16232,150934,2813296,0,1624404,0,2351,1928475,0,9487,224859,1
2020-07-15,280,16232,148633,2732649,0,1740455,0,1922,1932779,0,10586,224228,1
2020-07-22,307,16224,197833,2659658,0,1777180,0,1874,1937015,0,9113,214665,0
2020-07-29,989,16224,132045,2685376,0,1792434,0,1279,1943979,0,8141,217052,1
2020-08-05,292,16228,141284,2753531,0,1706637,0,2449,1951995,0,9946,212448,0
2020-08-12,334,16222,138492,2828170,0,1635143,0,2550,1957384,0,10299,218243,103
2020-08-19,291,16610,201304,2821853,0,1636393,0,2641,1960808,0,9160,211230,112
2020-08-26,371,16614,152743,2875400,0,1607449,0,364,1965113,0,6722,213066,9
2020-09-02,860,16619,149074,2850600,0,1651823,0,2523,1972952,0,9820,212650,14
2020-09-09,336,16774,167073,2906854,0,1570533,0,2628,1981271,0,10715,203964,1
2020-09-16,274,18866,142247,2869311,0,1692809,0,2404,1980305,0,9081,198427,55
2020-09-23,505,18871,217757,2848085,0,1661732,0,1806,1980207,0,8543,204351,1
2020-09-30,1402,18916,160477,2743246,0,1781679,0,1132,1983630,0,8328,204383,850
2020-10-07,465,18897,163039,2863357,0,1687434,0,2129,1989441,0,10254,188532,11
2020-10-14,603,18902,216868,2907734,0,1647937,0,2581,1993852,0,16479,195828,0
2020-10-21,373,21247,220841,2890130,0,1699497,0,1587,1993797,0,10722,187435,0
2020-10-28,816,21251,164558,2947256,0,1653039,0,691,1996047,0,8222,201888,5
2020-11-04,155,21264,179666,2979537,0,1618568,0,2230,2001134,0,10895,193037,0
2020-11-11,206,21267,219623,2992099,0,1570768,0,4667,2009168,0,13253,195811,0
2020-11-18,133,21274,276143,3033229,0,1546924,0,1775,2011389,0,10527,190134,103
2020-11-25,320,21274,188781,3143863,0,1484036,0,147,2017078,0,10000,197904,0
2020-12-02,658,21288,172967,3101235,0,1557239,0,2061,2018824,0,11438,185536,1
2020-12-09,173,21823,194708,3147656,0,1502361,0,2343,2017822,0,12630,192254,3
2020-12-16,184,21825,176128,3168826,0,1615873,0,2040,2019149,0,16508,190834,26
2020-12-23,263,21826,231079,3177310,0,1583308,0,1574,2028219,0,10269,197667,857
2020-12-30,843,21831,173045,3142977,0,1613514,0,722,2037973,0,10203,209111,652
2021-01-06,177,21839,168232,3163779,0,1607396,0,1784,2043442,0,11699,206331,4
2021-01-13,187,21842,175900,3200869,0,1575875,0,2032,2043387,0,10752,214173,0
2021-01-20,188,23467,247875,3149807,0,1638331,0,598,2048650,0,9007,204826,1806
2021-01-27,619,21836,181223,3228751,0,1613377,0,64,2048517,0,9042,209426,1152
2021-02-03,138,21854,194889,3202722,0,1629729,0,666,2050306,0,11045,208755,178
2021-02-10,171,22121,176248,3298639,0,1576744,0,2083,2051775,0,13536,212031,0
2021-02-17,181,23052,201188,3407871,0,1568893,0,1784,2053339,0,10182,201669,50
2021-02-24,186,22393,387057,3384262,0,1439646,0,1487,2053711,0,6509,205372,1
2021-03-03,358,21873,194600,3564850,0,1420238,0,853,2054415,0,6872,202832,507
2021-03-10,174,23474,248682,3646732,0,1310273,0,2321,2057619,0,8210,193650,100
2021-03-17,142,30202,329470,3873323,0,1089501,0,1988,2065369,0,8985,205516,0
2021-03-24,236,30598,431056,3809139,0,1031908,0,1636,2082985,0,8255,212542,21902
2021-03-31,1107,33209,315122,3672702,0,1121951,0,364,2095105,0,6583,217870,134307
2021-04-07,151,32249,302744,3944055,0,954968,0,2585,2101194,0,10404,237038,35035
2021-04-14,274,31075,410288,3936454,0,921685,0,2821,2107251,0,14678,230997,50856
2021-04-21,163,29864,505013,3767454,0,1003443,0,1465,2111178,0,11495,221461,81329
2021-04-28,908,29092,333827,3889018,0,932287,0,694,2114276,0,9116,216159,166732
2021-05-05,166,28087,326966,3900803,0,946134,0,2625,2118376,0,12100,225504,162800
2021-05-12,165,28126,330258,3955864,0,864253,0,3045,2120094,0,13401,219575,209257
2021-05-19,161,27750,467616,3823981,0,860833,0,2851,2119844,0,10842,228158,293998
2021-05-26,232,27076,353237,3851623,0,778912,0,569,2123575,0,8667,220150,450283
2021-06-02,774,26748,344785,3848262,0,812087,0,2742,2129739,0,10615,234128,438778
2021-06-09,182,27493,380848,3916725,0,673555,0,3021,2130778,0,12020,218032,502904
2021-06-16,158,26955,391972,3905736,0,765114,0,2707,2129545,0,11135,222818,520942
2021-06-23,223,6769,310679,3765714,0,733877,0,2051,2130133,0,8738,242281,813650
2021-06-30,1128,5255,225002,3511630,0,851929,0,1587,2134139,0,8654,268986,991939
2021-07-07,213,5230,231748,3856203,0,724898,0,2797,2139402,0,10865,263612,785720
2021-07-14,169,5250,249847,3944700,0,657542,0,3139,2137519,0,15775,250992,859975
2021-07-21,162,5837,280539,3974547,0,616294,0,1980,2135757,0,10633,250672,886206
2021-07-28,891,6194,231094,4001061,0,536966,0,1636,2136883,0,8374,254944,965189
2021-08-04,204,7176,229925,4045893,0,505871,0,3002,2139117,0,10555,284602,931755
2021-08-11,231,7631,234151,4127290,0,389747,0,2936,2139815,0,10282,267538,1000460
2021-08-18,199,7232,246737,4162165,0,313651,0,2835,2138568,0,8626,269745,1115656
2021-08-25,215,8324,231258,4203478,0,258200,0,1237,2139155,0,6960,258021,1147089
2021-09-01,714,5476,231117,4206449,0,296934,0,3032,2142848,0,9265,292181,1084115
2021-09-08,226,7436,240377,4259603,0,200702,0,2676,2148965,0,9302,295309,1115229
2021-09-15,179,5265,242136,4244677,0,344668,0,2566,2147543,0,8484,294334,1081342
2021-09-22,157,7909,272257,4137919,0,272679,0,1841,2146776,0,7948,280751,1283281
2021-09-29,1225,7216,248580,4094810,0,173745,0,889,2147797,0,5990,286507,1415840
2021-10-06,172,6463,230624,4167544,0,95854,0,1980,2151498,0,7837,286615,1451175
2021-10-13,240,5264,310954,4204510,0,72460,0,2406,2155233,0,8401,292921,1364701
2021-10-20,181,8768,373545,4050343,0,117364,0,1531,2154780,0,7337,292407,1493961
2021-10-27,648,5266,240300,4123154,0,236495,0,897,2155915,0,6659,288114,1433370
2021-11-03,188,5647,241627,4149830,0,286959,0,2440,2158089,0,9200,313081,1343985
2021-11-10,271,6592,246091,4178586,0,231421,0,2759,2164281,0,16592,304354,1448623
2021-11-17,183,7768,243585,4188837,0,178972,0,1848,2165755,0,8540,294292,1520000
2021-11-24,308,7737,362089,4172807,0,141042,0,2057,2169906,0,7162,305918,1452897
2021-12-01,640,5794,248067,4266022,0,159148,0,1395,2172147,0,7396,301930,1427347
2021-12-08,169,7637,246759,4255600,0,125144,0,3066,2170728,0,9346,303035,1484192
2021-12-15,174,5189,248903,4273634,0,58294,0,2722,2171739,0,8931,306782,1621097
2021-12-22,260,5189,248553,4104926,0,197516,0,2682,2181183,0,8034,283638,1699277
2021-12-29,599,9672,245980,4039860,0,283995,0,1931,2186877,0,7769,278283,1642506
2022-01-05,217,5374,245341,4028460,0,434757,0,1658,2187539,0,6659,302831,1492787
2022-01-12,181,5190,249280,3928933,0,489679,0,2990,2183300,0,7914,325064,1536981
2022-01-19,224,7407,242478,3821743,0,580171,0,2741,2183281,0,6974,307223,1656576
2022-01-26,571,6670,249528,3825076,0,639620,0,1462,2180271,0,5794,278144,1613046
2022-02-02,200,5621,244088,3756617,0,710267,0,3897,2180362,0,7671,279676,1626895
2022-02-09,208,5190,240784,3794977,0,679019,0,2822,2181755,0,6390,254738,1653153
2022-02-16,220,7251,244141,3796720,0,709261,0,2509,2184708,0,5549,257328,1644134
2022-02-23,247,6536,248702,3745976,0,674797,0,2078,2190870,0,6100,254789,1738322
2022-03-02,707,6284,248916,3919484,0,685491,0,2313,2198936,0,6618,249441,1526211
2022-03-09,308,7606,274362,3953651,0,609369,0,3273,2209407,0,7434,243742,1542504
2022-03-16,211,6433,285257,3893412,0,621527,0,2981,2214221,0,6241,251000,1613637
2022-03-23,209,7573,270671,3769046,0,576442,0,2481,2216134,0,5451,251396,1803186
2022-03-30,1197,8124,270384,3773466,0,556791,0,2439,2218660,0,5369,254844,1785939
2022-04-06,237,7434,269669,3849872,0,545584,0,2349,2221338,0,5401,244166,1731472
2022-04-13,270,9172,257122,3793319,0,543536,0,2867,2221637,0,7622,254777,1815555
2022-04-20,218,10077,257741,3326857,0,907526,0,2639,2220817,0,5835,297717,1866560
2022-04-27,727,9905,263010,3327551,0,957419,0,2034,2220968,0,5539,288401,1803162
2022-05-04,255,7434,262754,3313995,0,964412,0,3470,2222991,0,7060,282897,1815656
2022-05-11,242,7435,250180,3295681,0,919331,0,3083,2224033,0,7472,298644,1876119
2022-05-18,199,7436,238417,3297142,0,866726,0,3180,2223294,0,8189,268249,1973373
2022-05-25,301,7435,238433,3315018,0,801714,0,2435,2226174,0,7433,262471,1995750
2022-06-01,285,7707,240149,3357395,0,780575,0,2690,2230448,0,8398,265525,1965015
2022-06-08,201,8734,232501,3292602,0,683892,0,2189,2229086,0,7317,264037,2140277
2022-06-15,229,7435,250388,3189605,0,769937,0,1797,2227101,0,6508,258680,2162924
2022-06-22,269,7434,255073,3115594,0,745052,0,1253,2228812,0,6353,256688,2259458
2022-06-29,1237,7434,240622,3118614,0,759845,0,811,2231322,0,6590,261271,2226976
2022-07-06,301,8462,230204,3222931,0,687943,0,1444,2235081,0,6636,272624,2168026
2022-07-13,236,10075,219780,3306521,0,618740,0,1746,2229980,0,8050,287550,2155290
2022-07-20,206,10752,209911,3235172,0,616348,0,1921,2226065,0,6637,294271,2240204
2022-07-27,633,9601,212570,3275609,0,615515,0,1438,2224973,0,7201,295259,2188994
2022-08-03,224,9695,215464,3342519,0,566577,0,1446,2225950,0,6701,265602,2182238
2022-08-10,205,8945,210370,3357494,0,561140,0,1688,2226628,0,8922,268053,2177646
2022-08-17,210,7435,208695,3333700,0,539278,0,1047,2226527,0,6333,268217,2199631
2022-08-24,204,7435,254507,3270913,0,530196,0,1039,2226320,0,7763,257288,2237072
2022-08-31,1150,8117,208256,3115849,0,669911,0,1024,2228832,0,5952,277259,2251025
2022-09-07,263,7435,200002,3271336,0,582921,0,-165,2234344,0,6428,252911,2206987
2022-09-14,212,7435,225675,3158697,0,617997,0,-45,2230831,0,5451,301110,2225579
2022-09-21,203,7439,210232,3003741,0,690286,0,-670,2227492,0,6253,295468,2315900
2022-09-28,774,7436,212180,2983208,0,661920,0,-2145,2228649,0,3324,271491,2366798
2022-10-05,318,7434,210316,3076450,0,622131,0,-2913,2233344,0,4416,314046,2230799
2022-10-12,322,7435,197928,3090308,0,583513,0,-4076,2237778,0,1528,333141,2247206
2022-10-19,247,7435,186896,3040778,0,640613,0,-5253,2234202,0,2279,329824,2241835
2022-10-26,649,7436,187417,3108147,0,636327,0,-6274,2234457,0,-521,302508,2186856
2022-11-02,290,7436,192339,3046980,0,552089,0,-7219,2236573,0,750,350739,2229861
2022-11-09,303,7436,190649,3071230,0,517340,0,-8589,2242141,0,-1827,354278,2237812
2022-11-16,269,7436,190060,3176799,0,472185,0,-9164,2243291,0,-36,377021,2099070
2022-11-23,448,7435,221910,3168849,0,492754,0,-10554,2246419,0,-3561,361030,2069174
2022-11-30,1175,7437,192918,3052235,0,532791,0,-12390,2247656,0,-3074,380593,2115913
2022-12-07,269,8436,197784,3149093,0,410853,0,-13170,2245879,0,-6270,368000,2151549
2022-12-14,290,8436,213352,3170807,0,342104,0,-14309,2244517,0,-4678,358576,2192864
2022-12-21,255,8434,211706,3049332,0,434922,0,-16040,2249145,0,-8891,355397,2206965
2022-12-28,627,8434,219068,2979742,0,409809,0,-18002,2257171,0,-7980,334149,2293003
2023-01-04,315,8935,214014,3041929,0,379620,0,-20458,2257632,0,-14070,332341,2229542
2023-01-11,224,8935,195517,3116831,0,346426,0,-22566,2248874,0,-13198,348636,2199170
2023-01-18,293,8934,196508,3118237,0,377500,0,-24571,2244869,0,-17736,371584,2131678
2023-01-25,249,8933,192127,3000542,0,572622,0,-25875,2241074,0,-17369,383643,2031561
2023-02-01,667,9435,195310,3030286,0,500852,0,-26959,2246607,0,-21080,376083,2038262
2023-02-08,263,9434,192408,3033560,0,495838,0,-30234,2248309,0,-21253,359327,2059604
2023-02-15,198,9434,185740,3107419,0,439703,0,-33135,2248727,0,-26842,350506,2011998
2023-02-22,352,9435,183086,2983558,0,451307,0,-35902,2251897,0,-26686,357508,2113849
2023-03-01,223,9438,170270,3027967,0,351015,0,-38181,2254181,0,-31909,366661,2133950
2023-03-08,815,9434,171113,3003676,0,311731,0,-39774,2257801,0,-30482,367113,2193237
2023-03-15,241,11635,198642,3444210,0,277643,0,-41067,2260367,0,-34412,367303,2055823
2023-03-22,325,9437,209791,3369986,0,199856,0,-42196,2268721,0,-32160,370376,2279608
2023-03-29,524,9436,204770,3401800,0,162758,0,-44180,2273392,0,-36828,367680,2264862
2023-04-05,571,9681,204603,3381351,0,140688,0,-46205,2274160,0,-35622,356392,2243011
2023-04-12,308,9758,203199,3347553,0,86554,0,-48337,2274081,0,-40933,372865,2303862
2023-04-19,222,9684,196346,3164891,0,265095,0,-50396,2272847,0,-39713,371666,2294677
2023-04-26,347,9684,199801,3132100,0,296209,0,-52496,2273532,0,-45261,359244,2279561
2023-05-03,555,9676,206514,3166236,0,188309,0,-54472,2278366,0,-44165,382729,2258222
2023-05-10,247,9684,203666,3225311,0,154808,0,-57000,2282686,0,-49313,385029,2233149
2023-05-17,288,9685,207379,3279987,0,68332,0,-59660,2283328,0,-48615,384951,2213676
2023-05-24,235,9686,226807,3250771,0,49473,0,-62429,2287233,0,-54715,360297,2250709
2023-05-31,733,9755,210209,3205526,0,48512,0,-65484,2293934,0,-54257,360818,2254859
2023-06-07,543,9685,197946,3306154,0,77500,0,-67689,2293468,0,-59818,346520,2161556
2023-06-14,383,9685,210179,3306311,0,134857,0,-69702,2292235,0,-58168,327966,2109105
2023-06-21,258,9687,201546,3203963,0,292106,0,-71875,2292443,0,-63986,333167,2037102
2023-06-28,538,9685,187975,3176038,0,408561,0,-74269,2293316,0,-62843,326660,1945211
2023-07-05,572,9697,186583,3179646,0,446864,0,-76292,2296997,0,-69142,324259,1867061
2023-07-12,305,9686,179233,3162126,0,517418,0,-77743,2291655,0,-67118,327697,1820146
2023-07-19,218,9686,179504,3220590,0,537441,0,-79957,2285227,0,-72572,325881,1732804
2023-07-26,305,9685,182883,3166767,0,549897,0,-82683,2282829,0,-71769,317242,1749733
2023-08-02,604,9686,184812,3217398,0,460926,0,-85620,2283068,0,-78039,302223,1770186
2023-08-09,298,9686,178807,3228582,0,432262,0,-87813,2282620,0,-76534,299933,1796519
2023-08-16,219,9684,172062,3228953,0,384814,0,-90255,2279767,0,-82514,299941,1796725
2023-08-23,281,9686,170816,3177380,0,416031,0,-92624,2277521,0,-81241,295981,1816533
2023-08-30,819,10412,164705,3196543,0,500702,0,-95121,2280881,0,-87146,301504,1696819
2023-09-06,849,10453,163861,3290475,0,481552,0,-97816,2284423,0,-86251,293634,1606244
2023-09-13,279,9689,161983,3310531,0,537364,0,-100128,2279202,0,-91981,289409,1546225
2023-09-20,262,9688,163350,3144412,0,661717,0,-102388,2274574,0,-90708,317723,1486984
2023-09-27,487,9687,163655,3168502,0,672142,0,-105146,2273406,0,-97013,312304,1442805
2023-10-04,658,9688,157674,3240707,0,678959,0,-107302,2275803,0,-95812,289984,1342031
2023-10-11,306,9688,150956,3315650,0,713000,0,-109090,2277385,0,-100772,290370,1239382
2023-10-18,306,9688,151986,3250230,0,841103,0,-110926,2273823,0,-98994,298147,1150781
2023-10-25,300,9685,159490,3263971,0,847717,0,-113255,2272374,0,-104913,302498,1100617
2023-11-01,546,9686,164691,3314630,0,753008,0,-115034,2274633,0,-103137,317053,1079462
2023-11-08,280,9687,159545,3360428,0,763459,0,-116882,2275611,0,-108310,319406,1024451
2023-11-15,258,9689,157638,3483325,0,669976,0,-118699,2276410,0,-106414,323732,944241
2023-11-22,451,9685,158591,3455063,0,693007,0,-120406,2280648,0,-111396,340075,931604
2023-11-29,858,9690,157463,3395396,0,753570,0,-122613,2281874,0,-109949,339969,914187
2023-12-06,679,9682,159747,3496754,0,667678,0,-125092,2281307,0,-116152,338030,846498
2023-12-13,331,9693,159434,3567772,0,630618,0,-127647,2280688,0,-114363,328903,823329
2023-12-20,328,9688,162050,3477288,0,732721,0,-129416,2285162,0,-120536,345059,779143
2023-12-27,457,9690,164588,3434214,0,713064,0,-131518,2293821,0,-118915,346705,818869
2024-01-03,829,9691,160731,3459409,0,743464,0,-134541,2297432,0,-126798,366078,719897
2024-01-10,380,9692,155389,3537383,0,727856,0,-136865,2289710,0,-125133,361183,679961
2024-01-17,320,9690,157288,3592327,0,773544,0,-139461,2285191,0,-131230,346132,590191
2024-01-24,397,9689,182930,3489711,0,815159,0,-141640,2278707,0,-129722,340509,639560
2024-01-31,1058,9688,175387,3411717,0,865481,0,-144946,2276187,0,-137286,362224,615379
2024-02-07,377,9691,162134,3555738,0,821575,0,-147250,2276628,0,-135599,337124,553055
2024-02-14,376,9687,162531,3537469,0,831880,0,-149508,2277417,0,-141634,330240,575332
2024-02-21,398,9687,154283,3523095,0,788759,0,-151571,2280054,0,-139798,339743,574882
2024-02-28,892,9689,152741,3540982,0,767672,0,-153936,2282361,0,-145908,338946,569855
2024-03-06,814,10755,156880,3620689,0,760550,0,-154980,2288283,0,-143088,336547,456847
2024-03-13,456,11552,160465,3573153,0,748388,0,-156243,2290745,0,-148049,332940,521738
2024-03-20,411,12393,157557,3489577,0,812605,0,-157831,2291524,0,-145766,349221,496245
2024-03-27,430,14547,159839,3472403,0,772260,0,-159473,2293232,0,-151298,354389,518357
2024-04-03,825,10699,155021,3541167,0,732828,0,-161332,2296334,0,-149530,365005,436631
